,word,count
0,adieu,136790
1,audio,86267
2,stare,73133
3,slate,52362
4,raise,51976
5,crane,41337
6,arise,32094
7,train,23060
8,irate,22255
9,house,16176
10,heart,15625
11,great,15248
12,trace,12497
13,aisle,12413
14,ocean,12374
15,arose,11864
16,dream,11566
17,tears,11305
18,steam,10685
19,steal,10426
20,alien,10341
21,crate,10196
22,earth,9707
23,least,9621
24,trade,9186
25,share,9158
26,stale,9134
27,soare,8571
28,orate,7945
29,nylon,7941
30,roast,7834
31,route,7530
32,about,7311
33,place,7182
34,radio,7097
35,learn,7070
36,point,6959
37,ready,6826
38,ratio,6744
39,stear,6720
40,alone,6713
41,ideal,6568
42,stern,6178
43,store,5913
44,tread,5836
45,salet,5732
46,poise,5686
47,pious,5513
48,bread,5476
49,plate,5432
50,stair,5339
51,canoe,5284
52,later,5192
53,noise,5043
54,mouse,5028
55,piano,5022
56,adore,4966
57,sauce,4731
58,plane,4705
59,reach,4682
60,roate,4667
61,beach,4661
62,teach,4575
63,chair,4514
64,plant,4436
65,pause,4367
66,cloud,4362
67,saute,4259
68,water,4229
69,steak,4216
70,cream,4110
71,beast,4087
72,stain,4073
73,spare,3995
74,smart,3845
75,cheat,3754
76,ghost,3729
77,cause,3653
78,moist,3579
79,party,3569
80,their,3565
81,atone,3562
82,space,3450
83,brain,3396
84,trash,3366
85,clear,3358
86,rates,3350
87,peach,3315
88,trail,3306
89,chase,3293
90,stone,3231
91,paste,3201
92,plain,3179
93,trial,3100
94,break,3079
95,scare,3046
96,grace,3016
97,opera,2954
98,weary,2945
99,react,2907
100,proud,2898
101,taser,2887
102,suite,2856
103,amuse,2827
104,early,2822
105,pilot,2791
106,tired,2676
107,aside,2600
108,ideas,2577
109,paint,2546
110,horse,2520
111,sport,2483
112,penis,2482
113,clean,2481
114,smile,2450
115,story,2438
116,pound,2379
117,plead,2376
118,drain,2304
119,group,2297
120,fruit,2269
121,rainy,2267
122,spear,2257
123,light,2225
124,claim,2190
125,yeast,2183
126,louie,2179
127,power,2169
128,frame,2166
129,shout,2157
130,ouija,2156
131,faith,2139
132,sound,2131
133,quiet,2123
134,chain,2098
135,grape,2084
136,alert,2047
137,feast,2044
138,money,2033
139,table,2017
140,grate,2007
141,slant,1997
142,freak,1982
143,strap,1972
144,pride,1929
145,reads,1920
146,ariel,1894
147,think,1885
148,fairy,1849
149,grain,1839
150,death,1839
151,saint,1836
152,alive,1826
153,tales,1792
154,teary,1784
155,pearl,1768
156,storm,1767
157,daily,1760
158,flame,1711
159,fresh,1705
160,fight,1703
161,rouse,1695
162,swear,1695
163,sweat,1694
164,media,1694
165,snare,1692
166,shine,1692
167,blast,1677
168,aline,1666
169,stand,1644
170,louse,1638
171,world,1637
172,shame,1634
173,crest,1625
174,weird,1619
175,outer,1613
176,youth,1611
177,tried,1601
178,aloud,1597
179,audit,1595
180,first,1589
181,right,1588
182,dance,1573
183,round,1571
184,shape,1569
185,short,1559
186,teams,1548
187,drive,1532
188,peace,1512
189,aster,1507
190,adios,1481
191,prime,1472
192,strip,1462
193,haste,1462
194,unite,1457
195,games,1456
196,mount,1456
197,chart,1451
198,price,1430
199,pleat,1430
200,quest,1425
201,speak,1410
202,blame,1409
203,trend,1406
204,plaid,1393
205,plays,1392
206,fried,1384
207,plank,1383
208,heist,1348
209,crash,1337
210,choir,1329
211,close,1328
212,ounce,1288
213,argue,1288
214,lover,1285
215,guest,1281
216,spoil,1276
217,treat,1245
218,hoist,1237
219,score,1233
220,words,1231
221,crime,1225
222,coast,1223
223,laugh,1219
224,rents,1217
225,abide,1216
226,drink,1214
227,shirt,1214
228,beard,1208
229,rogue,1200
230,trick,1195
231,daisy,1190
232,guide,1186
233,track,1179
234,waste,1179
235,beaut,1172
236,laser,1168
237,stray,1158
238,meant,1149
239,grade,1145
240,tries,1143
241,music,1134
242,snail,1119
243,voice,1112
244,chaos,1110
245,style,1106
246,tough,1092
247,frost,1080
248,dairy,1078
249,shear,1076
250,shore,1070
251,stamp,1066
252,slice,1064
253,patio,1064
254,stead,1060
255,mound,1047
256,mouth,1046
257,heard,1043
258,agile,1032
259,write,1032
260,spout,1027
261,found,1008
262,grand,1006
263,phone,1006
264,shade,999
265,alter,995
266,juice,971
267,night,966
268,touch,963
269,those,961
270,avoid,958
271,draft,957
272,court,955
273,bound,954
274,spine,947
275,thing,945
276,charm,942
277,spark,934
278,float,930
279,worth,926
280,thank,926
281,lemon,912
282,print,907
283,craft,906
284,grant,899
285,today,893
286,truck,891
287,email,890
288,slime,884
289,realm,884
290,abode,883
291,acute,882
292,spade,878
293,olive,878
294,brave,875
295,aurei,874
296,spice,871
297,smear,864
298,grout,862
299,shark,861
300,black,861
301,chore,857
302,cough,853
303,chest,852
304,count,852
305,blank,849
306,slain,846
307,anime,841
308,young,838
309,rough,838
310,stake,835
311,cheap,831
312,doubt,820
313,pouch,814
314,scout,810
315,giant,809
316,wheat,809
317,satin,806
318,pouty,803
319,slope,801
320,quite,793
321,snore,786
322,front,786
323,tribe,779
324,sharp,778
325,loser,776
326,snake,774
327,could,773
328,ourie,769
329,flour,766
330,snort,763
331,image,761
332,drone,761
333,clout,760
334,starr,754
335,scale,754
336,blink,753
337,other,752
338,brick,746
339,climb,744
340,slide,742
341,ghoul,741
342,champ,735
343,miaou,732
344,prone,732
345,hater,731
346,white,730
347,grief,730
348,swift,728
349,beans,726
350,cameo,724
351,crave,723
352,rinse,722
353,south,718
354,after,716
355,cater,706
356,dealt,700
357,blade,698
358,stein,696
359,chime,696
360,times,693
361,frank,691
362,notes,691
363,phase,689
364,hairy,688
365,trust,685
366,abuse,684
367,tiger,683
368,drape,682
369,rated,675
370,value,672
371,pleas,672
372,yearn,670
373,spite,667
374,field,664
375,siren,661
376,bleak,661
377,north,657
378,graft,654
379,apple,652
380,polar,648
381,brake,647
382,lucky,646
383,aegis,644
384,bring,644
385,watch,643
386,clown,642
387,brown,641
388,grind,641
389,frail,640
390,flare,640
391,bayou,639
392,split,637
393,flash,637
394,range,635
395,bride,634
396,stage,634
397,shake,632
398,gamer,631
399,quick,631
400,farts,630
401,brand,630
402,brace,629
403,strep,629
404,lousy,628
405,truce,626
406,birth,625
407,board,625
408,pears,623
409,tramp,623
410,throw,619
411,dough,617
412,cramp,615
413,caste,614
414,pulse,613
415,crown,612
416,lunch,611
417,flake,610
418,rouge,608
419,relay,608
420,trunk,599
421,blind,597
422,aeros,593
423,cleat,592
424,quote,592
425,shale,587
426,grown,586
427,clone,584
428,honey,584
429,angel,584
430,hotel,583
431,crazy,578
432,super,578
433,solar,575
434,spire,573
435,flair,571
436,eight,571
437,noisy,571
438,chant,570
439,bears,569
440,stark,569
441,trump,568
442,child,566
443,candy,565
444,reign,564
445,tares,561
446,urine,561
447,parse,561
448,clasp,561
449,maple,557
450,grasp,555
451,hound,554
452,opine,554
453,shite,554
454,crisp,553
455,sting,550
456,meats,549
457,derby,546
458,boast,546
459,sword,538
460,above,538
461,magic,536
462,whale,533
463,guard,528
464,movie,528
465,wordy,527
466,thorn,526
467,grave,525
468,unity,522
469,might,521
470,purse,520
471,block,518
472,tripe,517
473,douse,517
474,prank,516
475,skate,516
476,broke,515
477,fluid,514
478,braid,513
479,aired,512
480,slept,511
481,glare,510
482,naive,508
483,spate,507
484,drift,504
485,pinky,503
486,frown,501
487,build,501
488,broad,501
489,trope,499
490,years,498
491,clamp,498
492,vague,497
493,fraud,497
494,chose,497
495,yield,496
496,means,495
497,happy,495
498,cones,493
499,donut,490
500,bunch,487
501,opium,486
502,force,485
503,thurl,484
504,bland,482
505,crust,479
506,stink,479
507,graph,478
508,meaty,477
509,would,476
510,chief,474
511,spike,473
512,crush,471
513,sugar,471
514,leash,470
515,stole,470
516,heavy,469
517,grime,467
518,under,464
519,fiery,460
520,risen,458
521,query,457
522,spore,457
523,sepia,456
524,acorn,456
525,bacon,455
526,tulip,454
527,irony,453
528,scone,453
529,plait,449
530,align,447
531,iotas,446
532,guise,445
533,pylon,445
534,anise,444
535,aeons,443
536,bloat,442
537,lions,440
538,stick,440
539,prose,440
540,groan,439
541,scrap,437
542,faint,435
543,flank,435
544,globe,434
545,shart,432
546,tower,432
547,fling,430
548,joint,430
549,match,428
550,straw,427
551,crank,425
552,plush,424
553,alike,423
554,start,420
555,spray,419
556,smoke,418
557,outie,417
558,false,416
559,diary,416
560,video,413
561,fears,409
562,waist,409
563,suave,407
564,rains,406
565,lance,406
566,parts,405
567,omega,404
568,crowd,402
569,timer,401
570,pluck,400
571,broil,396
572,third,395
573,delay,394
574,adobe,393
575,fiend,393
576,rusty,391
577,scary,390
578,sight,390
579,blown,390
580,loner,389
581,clash,388
582,splat,387
583,large,387
584,blend,387
585,hates,386
586,royal,385
587,noble,385
588,coupe,385
589,month,382
590,brine,381
591,prays,381
592,blunt,377
593,anger,376
594,yours,376
595,tires,375
596,thief,374
597,minor,374
598,haute,367
599,dirty,367
600,stoic,366
601,witch,364
602,gourd,363
603,shift,363
604,taupe,362
605,mourn,360
606,triad,358
607,chalk,358
608,caret,357
609,bingo,355
610,fault,355
611,layer,355
612,plume,354
613,spent,354
614,spoke,353
615,windy,351
616,dares,348
617,hello,348
618,gripe,348
619,cable,345
620,panic,344
621,sneak,344
622,brush,344
623,haunt,344
624,scope,343
625,nasty,341
626,solid,340
627,melon,340
628,groin,340
629,spank,340
630,resin,340
631,bored,338
632,metal,337
633,plots,336
634,worst,336
635,leave,336
636,begin,335
637,basic,335
638,salty,333
639,spend,333
640,wrong,330
641,entry,330
642,knife,328
643,bench,328
644,stump,327
645,scent,325
646,stack,324
647,prize,324
648,drown,323
649,shire,323
650,gnome,323
651,quail,321
652,amber,319
653,pains,319
654,alure,319
655,lapse,317
656,ample,317
657,peony,317
658,toner,316
659,mango,315
660,beaus,315
661,crumb,314
662,nurse,314
663,flute,314
664,loved,313
665,trips,313
666,while,313
667,leary,312
668,loves,312
669,cares,312
670,cruel,311
671,angry,311
672,swamp,310
673,nails,310
674,petal,309
675,novel,308
676,porch,308
677,plumb,308
678,glory,306
679,tours,305
680,cover,304
681,truth,302
682,towel,301
683,pivot,301
684,march,301
685,chasm,299
686,sloth,299
687,leach,299
688,final,299
689,wreck,299
690,chimp,298
691,glide,297
692,swing,297
693,adept,296
694,toile,296
695,punch,296
696,brief,296
697,badge,293
698,dears,293
699,patch,293
700,pinch,290
701,tease,289
702,auger,289
703,ranch,289
704,boats,288
705,thyme,288
706,gloat,288
707,aerie,288
708,curio,287
709,chunk,286
710,burst,286
711,traps,285
712,whole,285
713,oater,284
714,bagel,284
715,weigh,283
716,mauve,283
717,cloth,282
718,snack,282
719,glade,282
720,chirp,280
721,study,280
722,cutie,280
723,roust,279
724,deals,279
725,crypt,279
726,soapy,279
727,pours,278
728,twice,278
729,fudge,277
730,soupy,277
731,wrist,276
732,quart,275
733,misty,274
734,riots,274
735,earns,273
736,creak,273
737,carte,273
738,yacht,273
739,piety,272
740,tacos,272
741,orbit,270
742,torch,270
743,beats,270
744,stomp,269
745,guilt,269
746,blaze,268
747,flick,267
748,cried,266
749,trout,266
750,flirt,266
751,coins,266
752,angle,265
753,louis,265
754,bleat,264
755,reals,264
756,shock,264
757,wrath,263
758,flown,262
759,boner,261
760,coals,261
761,wound,260
762,untie,259
763,older,259
764,reast,258
765,snout,258
766,prune,258
767,farce,257
768,scram,257
769,manor,257
770,scour,256
771,swipe,256
772,maybe,255
773,slack,255
774,salon,254
775,poach,254
776,toast,254
777,grunt,254
778,wired,254
779,gleam,253
780,drunk,253
781,plonk,253
782,focus,253
783,baste,252
784,prism,251
785,plans,251
786,brink,251
787,prick,251
788,wears,250
789,autos,249
790,leant,249
791,uraei,249
792,dates,248
793,merit,247
794,fancy,246
795,heats,246
796,flint,246
797,mates,245
798,erase,245
799,cabin,245
800,inert,245
801,blues,245
802,thick,244
803,baker,242
804,mince,242
805,glove,242
806,roads,241
807,piece,241
808,hears,238
809,forge,238
810,shone,237
811,aides,236
812,chomp,236
813,fries,235
814,leads,234
815,slump,234
816,taper,234
817,choke,232
818,drake,230
819,stuck,230
820,fired,229
821,adorn,229
822,oiler,228
823,doily,228
824,union,228
825,mould,227
826,tubes,227
827,blond,226
828,probe,226
829,bonus,226
830,tweak,226
831,nymph,224
832,scaly,223
833,slick,223
834,cloak,223
835,zebra,222
836,gears,222
837,pitch,222
838,bitch,222
839,rapid,221
840,sling,220
841,nears,220
842,hopes,220
843,sleep,219
844,names,219
845,saucy,219
846,churn,219
847,bough,219
848,tails,218
849,blare,218
850,scant,218
851,flout,217
852,basil,217
853,viola,217
854,heals,217
855,stork,217
856,worse,217
857,trans,216
858,quilt,216
859,races,216
860,quake,216
861,actor,216
862,raven,216
863,hoard,215
864,smack,215
865,shred,215
866,acrid,214
867,plier,214
868,stock,214
869,agent,213
870,maker,213
871,gland,212
872,milky,210
873,glent,210
874,saner,209
875,stane,209
876,stoke,208
877,stalk,207
878,bling,207
879,spain,207
880,shave,207
881,ankle,206
882,serai,206
883,burnt,206
884,extra,205
885,meals,205
886,renal,203
887,arson,203
888,coral,203
889,upset,202
890,sandy,202
891,manic,202
892,crude,202
893,chump,202
894,onion,201
895,colon,201
896,talon,200
897,prove,200
898,homes,200
899,gravy,200
900,ports,199
901,fable,199
902,leafy,198
903,panel,198
904,grift,197
905,pants,197
906,awoke,197
907,grump,197
908,amore,197
909,latch,197
910,grail,196
911,hinge,195
912,model,195
913,tiers,195
914,cling,194
915,curse,194
916,poker,193
917,sigma,193
918,works,193
919,mason,192
920,growl,192
921,regal,192
922,diner,192
923,river,192
924,relax,191
925,lower,191
926,pluto,191
927,amend,191
928,slave,190
929,mends,189
930,lotus,189
931,tenor,189
932,shaft,189
933,twist,189
934,equal,189
935,tonic,188
936,liner,188
937,known,188
938,grove,188
939,lunar,188
940,mercy,187
941,spicy,187
942,fluke,187
943,blush,187
944,wrote,187
945,plows,187
946,fishy,186
947,sater,186
948,batch,186
949,raine,186
950,squid,186
951,lathe,185
952,leans,185
953,twine,184
954,strum,184
955,oasis,184
956,stove,184
957,abort,184
958,loans,184
959,since,184
960,joust,184
961,shoal,184
962,quota,183
963,juicy,183
964,guile,182
965,pouts,182
966,munch,182
967,maise,181
968,shelf,180
969,swarm,180
970,birds,180
971,ought,180
972,flask,179
973,flesh,178
974,camel,178
975,snipe,178
976,amour,178
977,miles,178
978,flock,177
979,toils,177
980,dread,177
981,joker,176
982,sonar,176
983,sober,175
984,thumb,175
985,crone,174
986,where,173
987,drawn,173
988,glean,172
989,stile,172
990,lease,171
991,felon,171
992,amino,171
993,hours,170
994,froth,170
995,guess,170
996,squat,170
997,built,170
998,ploys,170
999,helps,169
1000,sonic,169
1001,poets,169
1002,reply,168
1003,overt,168
1004,saine,168
1005,along,168
1006,until,168
1007,robin,167
1008,brash,167
1009,roach,165
1010,queen,165
1011,spoon,165
1012,brisk,165
1013,demon,164
1014,glaze,164
1015,favor,164
1016,below,164
1017,enjoy,163
1018,shiny,163
1019,among,162
1020,opens,161
1021,pesto,161
1022,whore,161
1023,fires,161
1024,cakes,160
1025,loath,160
1026,clove,160
1027,scion,159
1028,taste,159
1029,chord,159
1030,adult,159
1031,broth,158
1032,liars,158
1033,moral,158
1034,anode,158
1035,marsh,157
1036,brute,157
1037,liver,157
1038,drank,157
1039,shown,157
1040,snowy,157
1041,niche,157
1042,faire,156
1043,never,156
1044,doing,156
1045,catch,156
1046,lines,156
1047,dusty,156
1048,haven,155
1049,deary,155
1050,quack,155
1051,poles,155
1052,goals,155
1053,judge,155
1054,screw,155
1055,fetch,154
1056,clump,154
1057,taken,154
1058,scorn,153
1059,lanes,153
1060,splay,153
1061,handy,153
1062,truly,153
1063,tarse,152
1064,drove,152
1065,goats,152
1066,twerk,151
1067,grope,151
1068,human,151
1069,blimp,151
1070,empty,150
1071,being,150
1072,crawl,150
1073,deity,150
1074,wrest,150
1075,slade,149
1076,china,149
1077,darts,149
1078,topic,149
1079,vault,149
1080,plunk,149
1081,labor,149
1082,flush,149
1083,woman,148
1084,sadly,148
1085,solve,148
1086,bloke,147
1087,snarl,147
1088,usage,147
1089,scarf,146
1090,frisk,146
1091,clock,146
1092,biome,146
1093,pecan,145
1094,whine,145
1095,loins,144
1096,minty,144
1097,flora,143
1098,yodel,143
1099,apron,143
1100,shard,143
1101,delta,142
1102,pairs,142
1103,staid,142
1104,prawn,142
1105,twirl,141
1106,craze,141
1107,spunk,141
1108,hardy,141
1109,gaunt,140
1110,rhyme,140
1111,stary,140
1112,phony,140
1113,forty,140
1114,artsy,139
1115,trait,139
1116,aider,139
1117,shack,138
1118,threw,138
1119,perch,138
1120,cries,138
1121,gecko,137
1122,binge,137
1123,ridge,137
1124,shunt,136
1125,quirk,136
1126,guild,136
1127,graze,136
1128,frogs,135
1129,euros,135
1130,slane,135
1131,meany,135
1132,smite,135
1133,reams,135
1134,lunge,135
1135,vogue,135
1136,crimp,134
1137,comet,134
1138,bathe,134
1139,jumpy,133
1140,bones,133
1141,bream,133
1142,eagle,133
1143,based,132
1144,green,132
1145,chips,131
1146,pasty,131
1147,lakes,130
1148,nosey,130
1149,loony,129
1150,risky,129
1151,state,129
1152,funky,128
1153,glint,128
1154,cards,128
1155,feral,128
1156,corny,128
1157,bison,127
1158,chide,127
1159,leaps,127
1160,tiles,126
1161,there,125
1162,fjord,125
1163,chive,125
1164,flies,124
1165,boils,124
1166,organ,124
1167,thong,123
1168,stean,123
1169,peril,123
1170,skirt,122
1171,syrup,122
1172,heads,122
1173,nomad,122
1174,croak,122
1175,inter,122
1176,stony,122
1177,shank,122
1178,prong,121
1179,thine,121
1180,major,121
1181,plink,121
1182,whose,121
1183,hurts,121
1184,aimed,121
1185,prowl,120
1186,uncle,120
1187,aspen,120
1188,terms,120
1189,motel,120
1190,order,120
1191,liter,120
1192,cairn,119
1193,seven,119
1194,loads,119
1195,scape,119
1196,chute,119
1197,spurt,119
1198,habit,119
1199,forth,119
1200,froze,118
1201,fleas,118
1202,hasty,118
1203,surge,118
1204,waive,118
1205,angst,117
1206,tango,117
1207,swept,117
1208,ultra,117
1209,mousy,117
1210,haiku,117
1211,horny,117
1212,safer,117
1213,often,116
1214,wharf,115
1215,terns,115
1216,stank,115
1217,aioli,115
1218,slurp,115
1219,three,115
1220,waits,115
1221,moldy,115
1222,agony,115
1223,slink,115
1224,paper,115
1225,sated,114
1226,women,114
1227,sprig,114
1228,noted,114
1229,rails,114
1230,ahead,114
1231,mayor,113
1232,slang,113
1233,psych,113
1234,flows,113
1235,ghast,113
1236,ruins,112
1237,afire,112
1238,girth,112
1239,scold,112
1240,adopt,112
1241,shady,111
1242,polka,111
1243,pacer,111
1244,clues,111
1245,erupt,111
1246,curve,111
1247,carol,110
1248,aches,110
1249,itchy,110
1250,again,110
1251,walks,110
1252,strop,109
1253,flunk,109
1254,acres,108
1255,sperm,108
1256,optic,108
1257,resat,108
1258,purge,108
1259,exact,108
1260,trees,108
1261,rifle,107
1262,swine,107
1263,sable,107
1264,couch,107
1265,parks,107
1266,carve,107
1267,relic,106
1268,dries,106
1269,devil,106
1270,trice,106
1271,knows,106
1272,peaks,105
1273,jazzy,105
1274,loyal,105
1275,admit,105
1276,earnt,104
1277,flyer,104
1278,touse,104
1279,depot,104
1280,thump,104
1281,oiled,104
1282,raced,104
1283,rayon,104
1284,smelt,103
1285,pizza,103
1286,minus,103
1287,clink,103
1288,toads,103
1289,barge,103
1290,gains,103
1291,knock,102
1292,hairs,102
1293,rhino,102
1294,disco,102
1295,flier,102
1296,rants,102
1297,funny,101
1298,enter,101
1299,heath,101
1300,humid,101
1301,lodge,101
1302,clint,100
1303,stars,100
1304,naked,100
1305,tesla,100
1306,gauge,100
1307,faces,100
1308,joist,99
1309,dwarf,99
1310,longs,99
1311,avert,99
1312,thane,99
1313,dater,99
1314,tight,99
1315,named,98
1316,filth,98
1317,saved,98
1318,posit,98
1319,equip,98
1320,scalp,98
1321,roman,98
1322,stave,98
1323,cared,97
1324,miner,97
1325,talks,97
1326,tamer,97
1327,hover,97
1328,viral,96
1329,reaps,96
1330,hands,96
1331,mover,96
1332,crack,96
1333,cedar,96
1334,vital,95
1335,tepid,95
1336,lymph,95
1337,remit,95
1338,given,94
1339,aiery,94
1340,vouch,94
1341,beano,94
1342,picky,94
1343,cease,94
1344,color,94
1345,caper,94
1346,cider,94
1347,molar,93
1348,musty,93
1349,spawn,93
1350,rings,93
1351,wring,93
1352,poems,93
1353,poser,93
1354,lumpy,93
1355,gates,92
1356,maize,92
1357,ramen,92
1358,lamps,92
1359,fails,91
1360,singe,91
1361,tryst,91
1362,vowel,91
1363,neats,91
1364,brunt,91
1365,notch,90
1366,tinea,90
1367,fence,90
1368,chink,90
1369,laity,90
1370,scamp,90
1371,rides,90
1372,twerp,90
1373,boing,90
1374,cargo,90
1375,gifts,90
1376,prude,89
1377,bloom,89
1378,abhor,89
1379,valor,89
1380,beads,89
1381,enact,89
1382,crept,89
1383,ditch,89
1384,nigga,89
1385,raids,88
1386,medic,88
1387,mains,88
1388,sweet,88
1389,width,88
1390,tidal,88
1391,leapt,88
1392,grows,88
1393,beams,87
1394,leaky,87
1395,budge,87
1396,scrub,87
1397,jeans,87
1398,feign,87
1399,inset,87
1400,idiot,87
1401,logic,87
1402,debit,86
1403,oscar,86
1404,depth,85
1405,lager,85
1406,baked,85
1407,carts,85
1408,lucid,85
1409,tones,85
1410,paris,85
1411,awake,85
1412,bulge,85
1413,nouns,85
1414,jumps,84
1415,aunty,84
1416,frond,84
1417,elbow,84
1418,spiel,84
1419,chard,84
1420,silky,83
1421,check,83
1422,rival,83
1423,blood,83
1424,psalm,83
1425,foist,83
1426,token,83
1427,azure,83
1428,annoy,83
1429,wreak,83
1430,prior,83
1431,coats,82
1432,tempo,82
1433,brent,82
1434,inept,82
1435,waves,82
1436,saber,82
1437,spelt,82
1438,inlet,82
1439,trove,82
1440,amble,82
1441,spook,82
1442,slimy,82
1443,tardy,81
1444,vinyl,81
1445,piers,81
1446,homer,81
1447,forte,81
1448,clank,81
1449,whisk,81
1450,grass,81
1451,piles,81
1452,perky,81
1453,croup,81
1454,valid,81
1455,pines,80
1456,bumpy,80
1457,lands,80
1458,trine,80
1459,lefty,80
1460,turns,80
1461,lives,80
1462,heady,80
1463,crony,80
1464,miser,79
1465,prise,79
1466,tonal,79
1467,kings,79
1468,awful,79
1469,aloes,79
1470,pasta,79
1471,heron,79
1472,timed,79
1473,flags,79
1474,album,78
1475,smash,78
1476,shove,78
1477,hyper,78
1478,marks,78
1479,twins,78
1480,horde,77
1481,opals,77
1482,photo,77
1483,chewy,77
1484,strew,77
1485,local,77
1486,buzzy,77
1487,sunny,76
1488,cobra,76
1489,basin,76
1490,rugby,76
1491,whirl,76
1492,speck,76
1493,niece,76
1494,mulch,76
1495,chats,75
1496,amaze,75
1497,spied,75
1498,gross,75
1499,imbue,75
1500,tyres,75
1501,stout,75
1502,nacho,75
1503,trays,75
1504,likes,75
1505,lears,75
1506,nicer,75
1507,mealy,74
1508,trims,74
1509,pedal,74
1510,bravo,74
1511,drugs,74
1512,medal,74
1513,morse,74
1514,glyph,73
1515,gator,73
1516,flack,73
1517,savor,73
1518,neons,73
1519,leafs,73
1520,birch,73
1521,rivet,72
1522,prion,72
1523,crape,72
1524,radii,72
1525,diver,72
1526,odium,72
1527,glass,72
1528,girls,72
1529,teeth,72
1530,aloft,72
1531,lofty,71
1532,mater,71
1533,grist,71
1534,every,71
1535,lurch,71
1536,throb,70
1537,plums,70
1538,glows,70
1539,makes,70
1540,ebony,70
1541,drips,70
1542,treck,70
1543,doula,70
1544,plack,70
1545,pints,69
1546,flips,69
1547,rules,69
1548,virus,69
1549,drama,69
1550,onset,69
1551,reins,69
1552,rocky,69
1553,jolly,69
1554,vocal,68
1555,serve,68
1556,prate,68
1557,gauze,68
1558,metro,68
1559,smith,68
1560,niter,68
1561,dunce,68
1562,aware,68
1563,input,68
1564,repay,68
1565,troop,68
1566,squad,68
1567,hoary,68
1568,facet,68
1569,swirl,68
1570,waqfs,68
1571,lyric,67
1572,resty,67
1573,glued,67
1574,blest,67
1575,worry,67
1576,vodka,67
1577,decay,67
1578,snide,67
1579,ropes,67
1580,cycle,67
1581,caulk,67
1582,raspy,67
1583,fairs,67
1584,baron,67
1585,foamy,67
1586,rites,67
1587,wagon,66
1588,colds,66
1589,curly,66
1590,mange,66
1591,locks,66
1592,maths,66
1593,floor,66
1594,chafe,65
1595,pieta,65
1596,pesky,65
1597,neigh,65
1598,spurn,65
1599,verse,65
1600,evade,64
1601,hiker,64
1602,plump,64
1603,lynch,64
1604,swore,64
1605,vegan,64
1606,kites,64
1607,fucks,64
1608,dress,64
1609,draws,64
1610,leaks,64
1611,spilt,64
1612,drops,64
1613,farms,64
1614,limes,64
1615,smirk,64
1616,feint,64
1617,axiom,63
1618,yikes,63
1619,saver,63
1620,tunes,63
1621,tames,63
1622,elope,63
1623,boule,63
1624,began,63
1625,banks,63
1626,denim,63
1627,hired,63
1628,drums,63
1629,press,62
1630,buyer,62
1631,finch,62
1632,decor,62
1633,neato,62
1634,shoes,62
1635,panty,62
1636,spirt,62
1637,brail,62
1638,manly,62
1639,waltz,62
1640,foils,62
1641,salve,62
1642,blows,62
1643,label,62
1644,class,62
1645,crabs,62
1646,hints,61
1647,arena,61
1648,quoit,61
1649,tamed,61
1650,lithe,61
1651,lined,61
1652,types,61
1653,venom,61
1654,nifty,61
1655,parch,61
1656,brawl,61
1657,admin,61
1658,tinge,60
1659,ovary,60
1660,ivory,60
1661,daunt,60
1662,wafer,60
1663,anvil,60
1664,stour,60
1665,fouls,60
1666,moans,60
1667,links,60
1668,auloi,60
1669,rowdy,60
1670,samey,60
1671,spasm,60
1672,creep,60
1673,humor,60
1674,chick,60
1675,mocha,60
1676,lovey,59
1677,nerve,59
1678,antre,59
1679,amigo,59
1680,ascot,59
1681,scene,59
1682,elate,59
1683,moves,59
1684,niger,59
1685,loose,59
1686,setal,59
1687,chode,58
1688,decoy,58
1689,oriel,58
1690,blurt,58
1691,loupe,58
1692,banjo,58
1693,exist,58
1694,pushy,58
1695,knead,58
1696,filet,58
1697,owner,58
1698,login,58
1699,aorta,57
1700,intro,57
1701,pilon,57
1702,theme,57
1703,havoc,57
1704,salad,57
1705,faced,57
1706,baton,57
1707,shrug,57
1708,camps,57
1709,allow,56
1710,chops,56
1711,turbo,56
1712,pager,56
1713,coach,56
1714,speed,56
1715,wraps,56
1716,spork,56
1717,sprat,56
1718,homey,56
1719,urban,56
1720,noire,55
1721,tense,55
1722,cadet,55
1723,cleft,55
1724,trams,55
1725,trios,55
1726,trike,55
1727,ripen,55
1728,penal,55
1729,tapes,55
1730,gable,55
1731,bands,55
1732,slake,55
1733,eager,55
1734,diets,54
1735,bikes,54
1736,fiber,54
1737,cigar,54
1738,salut,54
1739,going,54
1740,wager,54
1741,poopy,54
1742,erica,54
1743,goose,54
1744,pares,54
1745,bowel,54
1746,twink,54
1747,tacky,54
1748,achey,54
1749,sedan,54
1750,sprit,54
1751,event,54
1752,sorry,54
1753,chill,54
1754,cheer,53
1755,debut,53
1756,legal,53
1757,picks,53
1758,hatch,53
1759,clams,53
1760,alloy,53
1761,stoup,53
1762,ingot,53
1763,corgi,53
1764,paire,53
1765,coven,53
1766,blitz,53
1767,facts,53
1768,antsy,53
1769,balmy,53
1770,clerk,53
1771,biker,53
1772,paler,53
1773,cunts,53
1774,rocks,53
1775,laces,53
1776,lurid,53
1777,holly,53
1778,wince,53
1779,knots,53
1780,godly,52
1781,aglet,52
1782,crwth,52
1783,folly,52
1784,senor,52
1785,serum,52
1786,couth,52
1787,askew,52
1788,plugs,52
1789,total,52
1790,vapor,52
1791,ethic,52
1792,kitty,52
1793,weave,52
1794,nerdy,51
1795,resit,51
1796,stung,51
1797,jesus,51
1798,minds,51
1799,envoy,51
1800,sworn,51
1801,plied,51
1802,meows,51
1803,stade,51
1804,hunts,51
1805,bowls,51
1806,wield,51
1807,ashen,51
1808,boink,51
1809,hoped,51
1810,toxic,51
1811,linen,51
1812,drags,51
1813,sabre,50
1814,pinot,50
1815,ethos,50
1816,loopy,50
1817,raile,50
1818,botch,50
1819,vomit,50
1820,finds,50
1821,lingo,50
1822,sieve,50
1823,maids,50
1824,ponds,50
1825,lanky,50
1826,wiser,50
1827,clang,50
1828,earls,50
1829,flung,50
1830,wonky,49
1831,tanks,49
1832,alarm,49
1833,seamy,49
1834,mirth,49
1835,asked,49
1836,pansy,49
1837,inure,49
1838,hated,49
1839,lords,49
1840,pages,49
1841,veins,49
1842,atoms,49
1843,files,49
1844,pinto,49
1845,bulky,49
1846,randy,49
1847,busty,49
1848,noose,49
1849,lying,49
1850,flood,49
1851,boney,49
1852,myths,49
1853,calms,49
1854,chare,49
1855,micro,49
1856,viper,49
1857,heaps,49
1858,palms,49
1859,scuba,48
1860,queer,48
1861,quark,48
1862,polis,48
1863,visit,48
1864,takes,48
1865,outre,48
1866,legit,48
1867,nitro,48
1868,goner,48
1869,freed,48
1870,spell,48
1871,heros,48
1872,zesty,48
1873,edits,47
1874,frack,47
1875,artic,47
1876,howdy,47
1877,paced,47
1878,laden,47
1879,forum,47
1880,bites,47
1881,honor,47
1882,elite,47
1883,bless,47
1884,manse,47
1885,waver,47
1886,holes,47
1887,usher,46
1888,rabid,46
1889,civil,46
1890,bible,46
1891,epoch,46
1892,valet,46
1893,brawn,46
1894,quits,46
1895,peals,46
1896,greed,46
1897,murky,46
1898,harsh,46
1899,books,46
1900,cupid,46
1901,moved,46
1902,pried,46
1903,ducks,46
1904,flume,46
1905,radon,46
1906,nerds,45
1907,males,45
1908,dried,45
1909,coils,45
1910,teals,45
1911,ladle,45
1912,trape,45
1913,nudge,45
1914,hefty,45
1915,porky,45
1916,edict,45
1917,riley,45
1918,afoul,45
1919,packs,45
1920,wires,44
1921,stire,44
1922,antic,44
1923,evict,44
1924,harpy,44
1925,fungi,44
1926,sixty,44
1927,award,44
1928,bugle,44
1929,wheel,44
1930,waite,44
1931,smore,44
1932,issue,44
1933,bogus,44
1934,burns,44
1935,pique,44
1936,fever,44
1937,piste,44
1938,mails,44
1939,outed,44
1940,spool,44
1941,pores,44
1942,sauve,44
1943,clips,44
1944,chess,44
1945,gaudy,44
1946,bared,44
1947,giver,43
1948,amine,43
1949,swank,43
1950,bakes,43
1951,flite,43
1952,oaten,43
1953,puppy,43
1954,crows,43
1955,altar,43
1956,hyena,43
1957,roams,43
1958,sloan,43
1959,balls,43
1960,tipsy,43
1961,girly,43
1962,visor,43
1963,tooth,43
1964,dumpy,43
1965,tangy,43
1966,moron,43
1967,click,42
1968,polly,42
1969,irons,42
1970,gusto,42
1971,canes,42
1972,caner,42
1973,sired,42
1974,whack,42
1975,feist,42
1976,jokes,42
1977,retch,42
1978,recap,42
1979,payer,42
1980,cadre,42
1981,scrum,42
1982,fleet,42
1983,fleck,42
1984,quasi,42
1985,tunic,42
1986,retro,42
1987,tines,42
1988,pesty,42
1989,clubs,42
1990,shorn,42
1991,lived,42
1992,mower,42
1993,vista,42
1994,skimp,42
1995,rodeo,42
1996,mares,41
1997,reset,41
1998,tasty,41
1999,parry,41
2000,james,41
2001,index,41
2002,blase,41
2003,mushy,41
2004,winch,41
2005,paces,41
2006,jaunt,41
2007,lacey,41
2008,bunny,41
2009,mural,41
2010,views,41
2011,penny,41
2012,hunch,41
2013,beady,41
2014,liken,41
2015,infer,41
2016,chang,41
2017,hazel,41
2018,navel,41
2019,liked,41
2020,laird,40
2021,frock,40
2022,wants,40
2023,pared,40
2024,sitar,40
2025,roles,40
2026,small,40
2027,taler,40
2028,bluey,40
2029,frump,40
2030,wings,40
2031,fates,40
2032,nacre,40
2033,beaux,40
2034,barks,40
2035,feats,40
2036,troll,40
2037,igloo,40
2038,intel,40
2039,paise,40
2040,spiny,40
2041,toned,40
2042,pussy,40
2043,shrew,40
2044,voter,40
2045,jumbo,40
2046,showy,39
2047,tides,39
2048,limbo,39
2049,tumor,39
2050,aimer,39
2051,jacks,39
2052,cured,39
2053,guano,39
2054,trite,39
2055,strae,39
2056,satyr,39
2057,warts,39
2058,trues,39
2059,gusty,39
2060,amity,39
2061,cyber,39
2062,voila,39
2063,imply,39
2064,peaty,39
2065,minge,39
2066,which,39
2067,sheep,39
2068,paeon,39
2069,clunk,38
2070,posey,38
2071,logan,38
2072,tapir,38
2073,crame,38
2074,thigh,38
2075,unify,38
2076,vibes,38
2077,offer,38
2078,crews,38
2079,filed,38
2080,moose,38
2081,beany,38
2082,buoys,38
2083,armed,38
2084,lambs,38
2085,films,38
2086,items,38
2087,covet,38
2088,harem,38
2089,wispy,38
2090,porty,38
2091,smell,38
2092,jerky,37
2093,antes,37
2094,carne,37
2095,snoop,37
2096,loamy,37
2097,echos,37
2098,borne,37
2099,podgy,37
2100,chile,37
2101,cross,37
2102,tyler,37
2103,joins,37
2104,coate,37
2105,fares,37
2106,hymns,37
2107,foray,37
2108,skunk,37
2109,ailed,37
2110,flats,37
2111,worms,37
2112,joule,37
2113,abled,36
2114,barns,36
2115,tiare,36
2116,glamp,36
2117,terse,36
2118,speal,36
2119,stoae,36
2120,prest,36
2121,ochre,36
2122,moody,36
2123,friar,36
2124,grabs,36
2125,fakes,36
2126,laude,36
2127,anole,36
2128,shrub,36
2129,grips,36
2130,hight,36
2131,scowl,36
2132,exams,36
2133,noone,36
2134,panda,36
2135,diane,36
2136,brats,36
2137,mines,36
2138,claws,36
2139,taker,36
2140,laced,36
2141,prost,36
2142,thunk,35
2143,dryer,35
2144,bruin,35
2145,flaky,35
2146,lemur,35
2147,gumbo,35
2148,wares,35
2149,folic,35
2150,skein,35
2151,plast,35
2152,units,35
2153,cased,35
2154,robot,35
2155,fount,35
2156,lolly,35
2157,peaky,35
2158,claps,35
2159,emoji,35
2160,halve,35
2161,octal,35
2162,trone,35
2163,bonds,35
2164,moles,35
2165,inlay,35
2166,dents,35
2167,crepe,35
2168,bogey,34
2169,wines,34
2170,bails,34
2171,berry,34
2172,fours,34
2173,plage,34
2174,hares,34
2175,bicep,34
2176,gnarl,34
2177,foyer,34
2178,gloom,34
2179,pales,34
2180,limit,34
2181,heirs,34
2182,charr,34
2183,dolly,34
2184,winds,34
2185,sheik,34
2186,plung,34
2187,gorge,34
2188,areas,34
2189,treks,34
2190,aloha,34
2191,swath,34
2192,utile,34
2193,junky,33
2194,newly,33
2195,cruet,33
2196,shoot,33
2197,crops,33
2198,soily,33
2199,stoop,33
2200,tuile,33
2201,flaps,33
2202,comes,33
2203,henry,33
2204,razor,33
2205,dingo,33
2206,maile,33
2207,youse,33
2208,hangs,33
2209,golfs,33
2210,rider,33
2211,gruel,33
2212,downs,33
2213,canon,33
2214,pilar,33
2215,husky,33
2216,poppy,33
2217,lifts,33
2218,pithy,32
2219,plaza,32
2220,qualm,32
2221,astir,32
2222,dingy,32
2223,dials,32
2224,mined,32
2225,deign,32
2226,copse,32
2227,readd,32
2228,colin,32
2229,osier,32
2230,marry,32
2231,starn,32
2232,rally,32
2233,hitch,32
2234,dying,32
2235,motor,32
2236,argon,32
2237,badly,32
2238,butch,32
2239,holds,32
2240,lungs,32
2241,craps,32
2242,rehab,32
2243,femur,32
2244,hires,32
2245,rages,32
2246,shuck,32
2247,torah,32
2248,bushy,32
2249,rowan,32
2250,miter,32
2251,moats,32
2252,mogul,32
2253,islet,32
2254,stunk,32
2255,proof,32
2256,hedge,32
2257,erode,32
2258,fines,32
2259,shawl,32
2260,goldy,32
2261,exits,32
2262,oaken,31
2263,broom,31
2264,shalt,31
2265,morph,31
2266,decal,31
2267,perks,31
2268,coati,31
2269,wooly,31
2270,nutty,31
2271,hoise,31
2272,cumin,31
2273,eaten,31
2274,norms,31
2275,mitre,31
2276,taunt,31
2277,cagey,31
2278,shied,31
2279,bidet,31
2280,doggy,31
2281,boost,31
2282,roady,31
2283,wench,31
2284,scats,30
2285,dutch,30
2286,yolks,30
2287,playa,30
2288,farse,30
2289,lovee,30
2290,whats,30
2291,noses,30
2292,gated,30
2293,locus,30
2294,pools,30
2295,reuse,30
2296,lumen,30
2297,snark,30
2298,numbs,30
2299,matey,30
2300,sicky,30
2301,frite,30
2302,roses,30
2303,rafts,30
2304,whist,30
2305,neath,30
2306,fetal,30
2307,forms,30
2308,boobs,30
2309,faker,30
2310,woven,30
2311,flowy,30
2312,comfy,30
2313,raged,30
2314,moire,30
2315,baits,30
2316,ulcer,29
2317,gavel,29
2318,loave,29
2319,thins,29
2320,beige,29
2321,easel,29
2322,seria,29
2323,miaow,29
2324,arrow,29
2325,shirk,29
2326,posed,29
2327,venue,29
2328,wards,29
2329,urate,29
2330,aspic,29
2331,fades,29
2332,messy,29
2333,melts,29
2334,futon,29
2335,vixen,29
2336,grimy,29
2337,paver,29
2338,lusty,29
2339,monty,29
2340,caves,29
2341,fated,29
2342,rakes,29
2343,stuff,29
2344,hydro,29
2345,dicks,29
2346,drier,29
2347,merch,29
2348,corse,29
2349,aroma,29
2350,pixel,29
2351,druid,29
2352,queue,29
2353,preys,29
2354,glace,29
2355,geese,29
2356,yards,28
2357,silly,28
2358,stich,28
2359,divot,28
2360,kinds,28
2361,retry,28
2362,jewel,28
2363,roule,28
2364,icons,28
2365,scald,28
2366,aesir,28
2367,panes,28
2368,scoop,28
2369,eater,28
2370,apart,28
2371,sheet,28
2372,chaps,28
2373,whelp,28
2374,apply,28
2375,daddy,28
2376,belch,28
2377,stunt,28
2378,agree,28
2379,belay,28
2380,fetus,28
2381,towns,28
2382,bendy,28
2383,softy,28
2384,wacky,28
2385,quint,28
2386,ducky,28
2387,ureas,27
2388,flops,27
2389,motif,27
2390,oldie,27
2391,skill,27
2392,brews,27
2393,moons,27
2394,yodle,27
2395,renew,27
2396,dicey,27
2397,glute,27
2398,glowy,27
2399,smoky,27
2400,sheaf,27
2401,shute,27
2402,hides,27
2403,adapt,27
2404,booty,27
2405,torus,27
2406,verge,27
2407,quoin,27
2408,usual,27
2409,sweep,27
2410,taint,27
2411,bumps,27
2412,quill,27
2413,vigor,27
2414,musky,27
2415,these,27
2416,brook,27
2417,deans,27
2418,warms,27
2419,voids,27
2420,cower,27
2421,finer,27
2422,gaily,27
2423,tromp,27
2424,seals,27
2425,slash,27
2426,quips,27
2427,dopey,26
2428,dense,26
2429,bilge,26
2430,focal,26
2431,monks,26
2432,fined,26
2433,bares,26
2434,nadir,26
2435,downy,26
2436,diddy,26
2437,forts,26
2438,routs,26
2439,moped,26
2440,quire,26
2441,atlas,26
2442,ayrie,26
2443,lends,26
2444,wakes,26
2445,proxy,26
2446,alpha,26
2447,dunes,26
2448,menus,26
2449,cafes,26
2450,paths,26
2451,racer,26
2452,ninja,26
2453,grill,26
2454,padle,26
2455,jelly,26
2456,warty,26
2457,poult,26
2458,heave,26
2459,level,26
2460,aught,26
2461,whorl,25
2462,therm,25
2463,hails,25
2464,toady,25
2465,vozhd,25
2466,fumes,25
2467,dirge,25
2468,pails,25
2469,fiest,25
2470,berth,25
2471,frets,25
2472,peart,25
2473,duvet,25
2474,mints,25
2475,loafs,25
2476,steer,25
2477,algae,25
2478,taxes,25
2479,bangs,25
2480,fixed,25
2481,bully,25
2482,delve,25
2483,gnash,24
2484,dodge,24
2485,typos,24
2486,typed,24
2487,tarps,24
2488,hurry,24
2489,grams,24
2490,forks,24
2491,limbs,24
2492,foggy,24
2493,combs,24
2494,shaky,24
2495,helio,24
2496,droit,24
2497,hikes,24
2498,seize,24
2499,moths,24
2500,lairs,24
2501,nobly,24
2502,abate,24
2503,dozen,24
2504,gamey,24
2505,cores,24
2506,tuner,24
2507,homie,24
2508,synth,24
2509,bolts,24
2510,sidle,24
2511,yawns,24
2512,fused,24
2513,poney,24
2514,yelps,24
2515,tared,24
2516,tiara,24
2517,twang,24
2518,unfit,24
2519,belts,24
2520,piled,24
2521,harps,24
2522,rathe,24
2523,peats,24
2524,merge,24
2525,hives,24
2526,sware,24
2527,tiled,24
2528,plout,24
2529,fangs,24
2530,goofy,24
2531,setup,24
2532,bends,24
2533,theft,24
2534,filly,23
2535,lupin,23
2536,droop,23
2537,bundt,23
2538,retia,23
2539,hydra,23
2540,fuels,23
2541,soave,23
2542,germs,23
2543,creed,23
2544,hovel,23
2545,cheek,23
2546,stall,23
2547,fiver,23
2548,chins,23
2549,licks,23
2550,nanny,23
2551,folds,23
2552,tawny,23
2553,halos,23
2554,begun,23
2555,corns,23
2556,boxer,23
2557,lieus,23
2558,exile,23
2559,nudes,23
2560,chino,23
2561,feuds,23
2562,pater,23
2563,still,23
2564,fritz,23
2565,socks,23
2566,upend,23
2567,codes,23
2568,litre,23
2569,midst,23
2570,fives,23
2571,loure,23
2572,obese,23
2573,omens,22
2574,ticks,22
2575,sauna,22
2576,libel,22
2577,drool,22
2578,whips,22
2579,shell,22
2580,clade,22
2581,vapid,22
2582,caged,22
2583,skull,22
2584,molly,22
2585,avail,22
2586,oaths,22
2587,knave,22
2588,craig,22
2589,twain,22
2590,ramps,22
2591,roils,22
2592,ovals,22
2593,idols,22
2594,curvy,22
2595,chuck,22
2596,docks,22
2597,looks,22
2598,groat,22
2599,alder,22
2600,scart,22
2601,alias,22
2602,crome,22
2603,chews,22
2604,sixth,22
2605,scrip,22
2606,texas,22
2607,queso,22
2608,latex,22
2609,franc,21
2610,manes,21
2611,testy,21
2612,cline,21
2613,backs,21
2614,funds,21
2615,quant,21
2616,pokey,21
2617,bouts,21
2618,noons,21
2619,macho,21
2620,modal,21
2621,credo,21
2622,voile,21
2623,ferns,21
2624,bliss,21
2625,lifer,21
2626,pinks,21
2627,sucky,21
2628,llama,21
2629,moxie,21
2630,eerie,21
2631,fizzy,21
2632,bijou,21
2633,floss,21
2634,deuce,21
2635,latte,21
2636,polyp,21
2637,armor,21
2638,horns,21
2639,rosin,21
2640,using,21
2641,bombs,21
2642,sushi,21
2643,trawl,21
2644,orcas,21
2645,venus,21
2646,emote,21
2647,pudgy,21
2648,patsy,21
2649,heiau,21
2650,plyer,21
2651,wedge,21
2652,seats,21
2653,knelt,21
2654,croft,21
2655,knits,21
2656,tiler,21
2657,sepal,21
2658,ledge,21
2659,palet,21
2660,stipe,21
2661,fryer,21
2662,gooey,21
2663,petty,21
2664,tuber,21
2665,nodes,21
2666,hawks,21
2667,pokes,20
2668,pries,20
2669,steps,20
2670,larch,20
2671,vouge,20
2672,sarge,20
2673,wider,20
2674,glues,20
2675,gyros,20
2676,rigor,20
2677,weald,20
2678,spree,20
2679,dowry,20
2680,privy,20
2681,debts,20
2682,acted,20
2683,fetid,20
2684,earst,20
2685,lough,20
2686,flail,20
2687,clous,20
2688,padre,20
2689,coder,20
2690,steel,20
2691,arsed,20
2692,brows,20
2693,frate,20
2694,swoon,20
2695,wages,20
2696,stool,20
2697,urges,20
2698,hault,20
2699,liens,20
2700,poops,20
2701,boxes,20
2702,doner,20
2703,gonad,20
2704,fibre,20
2705,aunts,20
2706,gorse,20
2707,knoll,20
2708,thugs,20
2709,turds,20
2710,emits,20
2711,potty,19
2712,fleur,19
2713,evoke,19
2714,sared,19
2715,abyss,19
2716,holey,19
2717,skint,19
2718,dogma,19
2719,filmy,19
2720,plats,19
2721,punts,19
2722,wormy,19
2723,fudgy,19
2724,mangy,19
2725,skier,19
2726,bigot,19
2727,taped,19
2728,comic,19
2729,washy,19
2730,roped,19
2731,limps,19
2732,oddly,19
2733,pricy,19
2734,wavey,19
2735,plies,19
2736,tenia,19
2737,dimes,19
2738,sayer,19
2739,ching,19
2740,throe,19
2741,mores,19
2742,steep,19
2743,maire,19
2744,groom,19
2745,siege,19
2746,heigh,19
2747,widen,19
2748,greet,19
2749,cache,19
2750,ravel,19
2751,crump,19
2752,frill,19
2753,wimpy,19
2754,idles,19
2755,nerts,19
2756,lycra,19
2757,slart,19
2758,stops,19
2759,enemy,18
2760,greek,18
2761,karma,18
2762,livid,18
2763,rumor,18
2764,slipt,18
2765,strut,18
2766,famed,18
2767,drill,18
2768,dawns,18
2769,incur,18
2770,repot,18
2771,realo,18
2772,scath,18
2773,riled,18
2774,steen,18
2775,poule,18
2776,mired,18
2777,peasy,18
2778,baldy,18
2779,sylph,18
2780,anile,18
2781,sales,18
2782,ogres,18
2783,smote,18
2784,pease,18
2785,maven,18
2786,flaws,18
2787,staff,18
2788,mommy,18
2789,frays,18
2790,essay,18
2791,muted,18
2792,conch,18
2793,suede,18
2794,surly,18
2795,ranks,18
2796,rebel,18
2797,punky,18
2798,boars,18
2799,nitre,18
2800,title,18
2801,strim,18
2802,spill,18
2803,ruler,18
2804,error,18
2805,highs,18
2806,plasm,18
2807,saice,18
2808,carpe,18
2809,styre,18
2810,pully,18
2811,urged,18
2812,fuzzy,18
2813,gypsy,18
2814,faked,18
2815,obeys,18
2816,mated,18
2817,swell,17
2818,honed,17
2819,nones,17
2820,campy,17
2821,piani,17
2822,yells,17
2823,doves,17
2824,prase,17
2825,reais,17
2826,mixer,17
2827,staph,17
2828,rover,17
2829,trave,17
2830,hause,17
2831,thrum,17
2832,gouge,17
2833,goody,17
2834,lowly,17
2835,boned,17
2836,zonal,17
2837,wipes,17
2838,grits,17
2839,liven,17
2840,lordy,17
2841,tends,17
2842,cubes,17
2843,curry,17
2844,gramp,17
2845,bourn,17
2846,timid,17
2847,drawl,17
2848,okays,17
2849,pzazz,17
2850,valve,17
2851,negro,17
2852,defer,17
2853,afore,17
2854,coure,17
2855,acids,17
2856,vicar,17
2857,droid,17
2858,bumfs,17
2859,macro,17
2860,otter,17
2861,needy,17
2862,hutch,17
2863,corps,17
2864,weans,17
2865,dowel,17
2866,grins,17
2867,freon,17
2868,carry,17
2869,howls,17
2870,lobby,17
2871,clued,17
2872,songs,17
2873,pluot,17
2874,knobs,17
2875,exalt,17
2876,golds,17
2877,wales,17
2878,tuned,17
2879,edify,17
2880,lound,17
2881,swale,17
2882,sough,16
2883,wiper,16
2884,sulky,16
2885,zilch,16
2886,slopy,16
2887,lawns,16
2888,stays,16
2889,alibi,16
2890,ionic,16
2891,pilaf,16
2892,noels,16
2893,excel,16
2894,stria,16
2895,chert,16
2896,duets,16
2897,briar,16
2898,burps,16
2899,asset,16
2900,synch,16
2901,pyros,16
2902,shoed,16
2903,verbs,16
2904,ached,16
2905,derth,16
2906,digit,16
2907,spane,16
2908,caned,16
2909,bylaw,16
2910,hunky,16
2911,mauls,16
2912,votes,16
2913,omits,16
2914,fader,16
2915,clomp,16
2916,voted,16
2917,chais,16
2918,aptly,16
2919,orang,16
2920,clair,16
2921,stiff,16
2922,foods,16
2923,plein,16
2924,cages,16
2925,raves,16
2926,wands,16
2927,midge,16
2928,spart,16
2929,shops,16
2930,racks,16
2931,darks,16
2932,vices,16
2933,dandy,16
2934,recon,16
2935,shows,16
2936,clime,16
2937,greys,16
2938,weeks,16
2939,burly,16
2940,thrip,16
2941,linty,16
2942,louts,16
2943,olden,16
2944,gloss,16
2945,fatty,16
2946,biter,16
2947,ovine,16
2948,resto,16
2949,foxes,16
2950,brung,16
2951,woken,16
2952,poled,16
2953,zones,16
2954,gater,16
2955,stash,16
2956,winks,16
2957,steno,16
2958,leavy,16
2959,gouty,16
2960,hanky,16
2961,avion,16
2962,plods,15
2963,swole,15
2964,dwell,15
2965,clave,15
2966,brass,15
2967,terai,15
2968,alley,15
2969,wrens,15
2970,milks,15
2971,dizzy,15
2972,erect,15
2973,souce,15
2974,koala,15
2975,peter,15
2976,quean,15
2977,newer,15
2978,bongo,15
2979,smock,15
2980,meter,15
2981,brock,15
2982,libra,15
2983,harms,15
2984,dummy,15
2985,woody,15
2986,frats,15
2987,nosed,15
2988,cinch,15
2989,cooks,15
2990,sheer,15
2991,ozone,15
2992,labia,15
2993,yarns,15
2994,extol,15
2995,loper,15
2996,lapel,15
2997,eatin,15
2998,porte,15
2999,dumbs,15
3000,baile,15
3001,loops,15
3002,nasal,15
3003,radar,15
3004,ables,15
3005,blowy,15
3006,merry,15
3007,firth,15
3008,wades,15
3009,bongs,15
3010,bogie,15
3011,woods,15
3012,elect,15
3013,rebus,15
3014,booth,15
3015,lares,15
3016,golem,15
3017,strad,15
3018,raped,15
3019,noter,15
3020,lumps,15
3021,pudge,15
3022,lamer,15
3023,caked,15
3024,dines,15
3025,utter,15
3026,gents,15
3027,wader,15
3028,tests,15
3029,ratel,14
3030,soups,14
3031,molds,14
3032,baths,14
3033,snafu,14
3034,humps,14
3035,beaks,14
3036,lured,14
3037,chars,14
3038,shots,14
3039,spins,14
3040,teats,14
3041,porus,14
3042,piggy,14
3043,nicks,14
3044,faery,14
3045,epoxy,14
3046,upper,14
3047,auric,14
3048,gales,14
3049,capes,14
3050,kneel,14
3051,nonce,14
3052,pubic,14
3053,lever,14
3054,titan,14
3055,dales,14
3056,fared,14
3057,parte,14
3058,crunk,14
3059,donor,14
3060,widow,14
3061,aphid,14
3062,carob,14
3063,eland,14
3064,piney,14
3065,rales,14
3066,spile,14
3067,cakey,14
3068,goons,14
3069,filer,14
3070,whelk,14
3071,gives,14
3072,hiked,14
3073,prang,14
3074,bleed,14
3075,rigid,14
3076,dildo,14
3077,bower,14
3078,bight,14
3079,dishy,14
3080,tumid,14
3081,runes,14
3082,oxide,14
3083,folks,14
3084,bucks,14
3085,dices,14
3086,xerox,14
3087,sheal,14
3088,idler,14
3089,unlit,14
3090,ruled,14
3091,tally,14
3092,plaud,14
3093,melty,14
3094,rased,14
3095,dinky,14
3096,naval,13
3097,shoud,13
3098,needs,13
3099,idiom,13
3100,pouis,13
3101,hards,13
3102,madre,13
3103,styme,13
3104,sense,13
3105,sored,13
3106,piper,13
3107,briny,13
3108,india,13
3109,shoat,13
3110,twigs,13
3111,speil,13
3112,creek,13
3113,canal,13
3114,liane,13
3115,clans,13
3116,toeas,13
3117,crink,13
3118,polls,13
3119,modes,13
3120,goods,13
3121,waken,13
3122,chine,13
3123,nappy,13
3124,fazed,13
3125,gamut,13
3126,noles,13
3127,swims,13
3128,sings,13
3129,waspy,13
3130,toxin,13
3131,polio,13
3132,furry,13
3133,prams,13
3134,newsy,13
3135,mopey,13
3136,posts,13
3137,intra,13
3138,stupe,13
3139,speat,13
3140,domes,13
3141,vines,13
3142,grids,13
3143,crook,13
3144,dumps,13
3145,temps,13
3146,geist,13
3147,booby,13
3148,swish,13
3149,squib,13
3150,tarot,13
3151,vents,13
3152,quads,13
3153,mules,13
3154,cents,13
3155,inane,13
3156,wilds,13
3157,bribe,13
3158,limey,13
3159,stilt,13
3160,cruse,13
3161,stoma,13
3162,oared,13
3163,nares,13
3164,blear,13
3165,wrung,13
3166,herbs,13
3167,shirr,13
3168,ferry,13
3169,await,13
3170,sicko,13
3171,laten,13
3172,ninth,13
3173,lapis,13
3174,punks,12
3175,gloam,12
3176,honky,12
3177,sited,12
3178,fifty,12
3179,churl,12
3180,gulch,12
3181,hertz,12
3182,ollie,12
3183,locum,12
3184,xrays,12
3185,awash,12
3186,coped,12
3187,blite,12
3188,inbox,12
3189,exert,12
3190,mochi,12
3191,endow,12
3192,curls,12
3193,biota,12
3194,teddy,12
3195,crema,12
3196,lores,12
3197,tombs,12
3198,loach,12
3199,pored,12
3200,lader,12
3201,aloof,12
3202,ratch,12
3203,belly,12
3204,hence,12
3205,cutes,12
3206,bales,12
3207,hymen,12
3208,versa,12
3209,topaz,12
3210,mixed,12
3211,proms,12
3212,lopes,12
3213,scrat,12
3214,daint,12
3215,kayak,12
3216,ennui,12
3217,hauls,12
3218,halts,12
3219,fifth,12
3220,thaws,12
3221,bobby,12
3222,bandy,12
3223,chili,12
3224,snuck,12
3225,plong,12
3226,tools,12
3227,primo,12
3228,spacy,12
3229,eject,12
3230,carom,12
3231,marts,12
3232,pelts,12
3233,orals,12
3234,gulps,12
3235,pills,12
3236,stang,12
3237,meads,12
3238,liers,12
3239,rices,12
3240,cyclo,12
3241,sinew,12
3242,ships,12
3243,torte,12
3244,laker,12
3245,sacre,12
3246,yummy,12
3247,yoyos,12
3248,breed,12
3249,tutor,12
3250,julia,12
3251,foals,12
3252,foams,12
3253,glout,12
3254,dames,12
3255,binds,12
3256,quash,12
3257,honda,12
3258,paved,12
3259,clogs,12
3260,falls,12
3261,colts,12
3262,lobes,11
3263,umbra,11
3264,lists,11
3265,tempt,11
3266,mused,11
3267,nesty,11
3268,houri,11
3269,okapi,11
3270,gutsy,11
3271,cliff,11
3272,nines,11
3273,abore,11
3274,pacts,11
3275,hurls,11
3276,pixie,11
3277,slung,11
3278,fawns,11
3279,ashes,11
3280,gluey,11
3281,xylyl,11
3282,bento,11
3283,swain,11
3284,piker,11
3285,sinus,11
3286,gowns,11
3287,paled,11
3288,clonk,11
3289,enrol,11
3290,capon,11
3291,souls,11
3292,harts,11
3293,tomes,11
3294,riven,11
3295,sleek,11
3296,bates,11
3297,sails,11
3298,rests,11
3299,abler,11
3300,stint,11
3301,elude,11
3302,bonny,11
3303,ombre,11
3304,deter,11
3305,clack,11
3306,sloop,11
3307,xylem,11
3308,blume,11
3309,blain,11
3310,pikes,11
3311,slows,11
3312,welsh,11
3313,plore,11
3314,virgo,11
3315,bowie,11
3316,warps,11
3317,rural,11
3318,moray,11
3319,crout,11
3320,beaty,11
3321,pareo,11
3322,datum,11
3323,pygmy,11
3324,pioys,11
3325,cribs,11
3326,preen,11
3327,apres,11
3328,bills,11
3329,owlet,11
3330,clung,11
3331,jello,11
3332,wifey,11
3333,spies,11
3334,filch,11
3335,ergot,11
3336,folky,11
3337,paedo,11
3338,trode,11
3339,roost,11
3340,banal,11
3341,mandy,11
3342,elfin,11
3343,silks,11
3344,bawdy,11
3345,lilac,11
3346,caved,11
3347,kilos,11
3348,tride,11
3349,prole,11
3350,porta,11
3351,kills,11
3352,diode,11
3353,plomb,11
3354,drole,11
3355,inner,11
3356,signs,11
3357,saunt,11
3358,fiord,11
3359,dwelt,10
3360,croon,10
3361,slays,10
3362,sonny,10
3363,amens,10
3364,cuter,10
3365,tweet,10
3366,oinks,10
3367,keeps,10
3368,trons,10
3369,helix,10
3370,divan,10
3371,usurp,10
3372,braze,10
3373,payed,10
3374,cords,10
3375,pukes,10
3376,gunky,10
3377,agave,10
3378,hippo,10
3379,foley,10
3380,savoy,10
3381,malty,10
3382,stats,10
3383,scrim,10
3384,lasso,10
3385,spred,10
3386,bungy,10
3387,rance,10
3388,amide,10
3389,hyped,10
3390,cored,10
3391,hallo,10
3392,onlay,10
3393,pyres,10
3394,mitch,10
3395,roset,10
3396,incel,10
3397,nates,10
3398,chock,10
3399,calve,10
3400,prods,10
3401,demur,10
3402,lames,10
3403,miler,10
3404,lairy,10
3405,kiosk,10
3406,fluff,10
3407,decaf,10
3408,nervy,10
3409,treys,10
3410,moony,10
3411,slush,10
3412,riced,10
3413,veiny,10
3414,ambit,10
3415,drats,10
3416,scoot,10
3417,bunks,10
3418,kinky,10
3419,tenth,10
3420,semen,10
3421,etuis,10
3422,bossy,10
3423,kilts,10
3424,flays,10
3425,dregs,10
3426,whiny,10
3427,beryl,10
3428,gamed,10
3429,pings,10
3430,glitz,10
3431,gouts,10
3432,ember,10
3433,knees,10
3434,trier,10
3435,geode,10
3436,moult,10
3437,undue,10
3438,mites,10
3439,pilau,10
3440,folio,10
3441,attic,10
3442,fecal,10
3443,wails,10
3444,poesy,10
3445,sucks,10
3446,fully,10
3447,chary,10
3448,scoup,10
3449,sniff,10
3450,talky,10
3451,rapes,10
3452,vivid,10
3453,madly,10
3454,duels,10
3455,array,10
3456,roily,10
3457,elder,10
3458,ileum,10
3459,riser,10
3460,hacks,10
3461,polys,10
3462,logon,10
3463,tilde,10
3464,ousia,10
3465,porno,10
3466,warns,10
3467,mosey,10
3468,raked,10
3469,pupil,10
3470,auris,10
3471,genus,10
3472,utero,10
3473,frees,10
3474,longe,10
3475,dover,9
3476,podge,9
3477,ardor,9
3478,galop,9
3479,boxed,9
3480,junta,9
3481,crier,9
3482,sever,9
3483,dowse,9
3484,flump,9
3485,sears,9
3486,butts,9
3487,welts,9
3488,poler,9
3489,calmy,9
3490,nancy,9
3491,yolky,9
3492,baulk,9
3493,skort,9
3494,scree,9
3495,pined,9
3496,spots,9
3497,patty,9
3498,buddy,9
3499,shier,9
3500,pucks,9
3501,cours,9
3502,quell,9
3503,lures,9
3504,hosed,9
3505,altos,9
3506,rebar,9
3507,tripy,9
3508,eased,9
3509,props,9
3510,willy,9
3511,genre,9
3512,whomp,9
3513,refit,9
3514,snows,9
3515,hades,9
3516,overs,9
3517,umber,9
3518,dorky,9
3519,blist,9
3520,stela,9
3521,geoid,9
3522,gaits,9
3523,draco,9
3524,gayer,9
3525,hosta,9
3526,hinds,9
3527,morel,9
3528,moile,9
3529,jocky,9
3530,wurst,9
3531,golly,9
3532,ploit,9
3533,agast,9
3534,whear,9
3535,cures,9
3536,bract,9
3537,sorta,9
3538,goaty,9
3539,robes,9
3540,fatso,9
3541,techy,9
3542,apnea,9
3543,wheal,9
3544,dumbo,9
3545,gimpy,9
3546,pawns,9
3547,trued,9
3548,peons,9
3549,clays,9
3550,kraut,9
3551,zippy,9
3552,choil,9
3553,corey,9
3554,poste,9
3555,pumps,9
3556,freit,9
3557,laids,9
3558,seams,9
3559,brood,9
3560,cutey,9
3561,darns,9
3562,lysol,9
3563,pilow,9
3564,rolls,9
3565,hotly,9
3566,heaty,9
3567,bases,9
3568,bluer,9
3569,quale,9
3570,tench,9
3571,tying,9
3572,fondu,9
3573,arbor,9
3574,moany,9
3575,borax,9
3576,boots,9
3577,sider,9
3578,refer,9
3579,decks,9
3580,whare,9
3581,pharm,9
3582,squaw,9
3583,comer,9
3584,frist,9
3585,barmy,9
3586,dazed,9
3587,malts,9
3588,weirs,9
3589,copay,9
3590,relit,9
3591,fauna,9
3592,thens,9
3593,crock,9
3594,larks,9
3595,duchy,9
3596,riles,9
3597,wrack,8
3598,yokel,8
3599,oread,8
3600,yurts,8
3601,zoned,8
3602,actin,8
3603,hoper,8
3604,fanny,8
3605,cajun,8
3606,witty,8
3607,samba,8
3608,caser,8
3609,capri,8
3610,swelt,8
3611,coned,8
3612,spale,8
3613,deads,8
3614,phish,8
3615,villa,8
3616,rosed,8
3617,felts,8
3618,fames,8
3619,losen,8
3620,dated,8
3621,ropey,8
3622,laide,8
3623,natty,8
3624,firms,8
3625,tract,8
3626,wanks,8
3627,onery,8
3628,taffy,8
3629,boron,8
3630,loped,8
3631,prink,8
3632,ichor,8
3633,coney,8
3634,lauds,8
3635,liger,8
3636,cynic,8
3637,lorry,8
3638,bruit,8
3639,veils,8
3640,ovate,8
3641,tubas,8
3642,orlon,8
3643,blurs,8
3644,ovens,8
3645,auras,8
3646,odour,8
3647,canto,8
3648,phlox,8
3649,curia,8
3650,roots,8
3651,fewer,8
3652,nests,8
3653,nukes,8
3654,selfy,8
3655,annex,8
3656,owned,8
3657,dunks,8
3658,shush,8
3659,remix,8
3660,damns,8
3661,nodal,8
3662,maned,8
3663,porks,8
3664,seral,8
3665,truer,8
3666,maria,8
3667,redos,8
3668,mocks,8
3669,carle,8
3670,gyoza,8
3671,herds,8
3672,frits,8
3673,womby,8
3674,traik,8
3675,troys,8
3676,namer,8
3677,runts,8
3678,sooty,8
3679,unset,8
3680,pence,8
3681,teras,8
3682,souly,8
3683,occur,8
3684,brags,8
3685,jones,8
3686,serif,8
3687,begat,8
3688,ruble,8
3689,clame,8
3690,barky,8
3691,bolus,8
3692,mucky,8
3693,loran,8
3694,asper,8
3695,torse,8
3696,haler,8
3697,ortho,8
3698,heald,8
3699,palsy,8
3700,segue,8
3701,bothy,8
3702,cello,8
3703,lints,8
3704,volts,8
3705,salue,8
3706,onces,8
3707,cyans,8
3708,easle,8
3709,fatal,8
3710,bores,8
3711,jerks,8
3712,corks,8
3713,polos,8
3714,artis,8
3715,tushy,8
3716,japan,8
3717,devon,8
3718,clart,8
3719,beath,8
3720,blurb,8
3721,matte,8
3722,rebut,8
3723,wilts,8
3724,colic,8
3725,aging,8
3726,ritzy,8
3727,stews,8
3728,expat,8
3729,shtik,8
3730,cools,8
3731,adage,7
3732,inked,7
3733,modem,7
3734,dinos,7
3735,waved,7
3736,dearn,7
3737,hokey,7
3738,douce,7
3739,nicol,7
3740,cocky,7
3741,vocab,7
3742,cocoa,7
3743,rotls,7
3744,pepsi,7
3745,bolds,7
3746,lesbo,7
3747,bards,7
3748,noddy,7
3749,moble,7
3750,tweed,7
3751,tarty,7
3752,lacky,7
3753,elain,7
3754,laura,7
3755,fools,7
3756,caver,7
3757,chums,7
3758,crams,7
3759,piton,7
3760,resay,7
3761,babes,7
3762,brack,7
3763,skied,7
3764,venal,7
3765,adlib,7
3766,jails,7
3767,rince,7
3768,prius,7
3769,paged,7
3770,truss,7
3771,agate,7
3772,flane,7
3773,dicer,7
3774,rafty,7
3775,pince,7
3776,puffy,7
3777,holed,7
3778,masks,7
3779,suits,7
3780,booze,7
3781,quoth,7
3782,catty,7
3783,chemo,7
3784,cocks,7
3785,ponce,7
3786,dolce,7
3787,wasps,7
3788,hijab,7
3789,moust,7
3790,argot,7
3791,olate,7
3792,lucks,7
3793,sewer,7
3794,beers,7
3795,aglow,7
3796,hocus,7
3797,yanks,7
3798,slips,7
3799,wagyu,7
3800,calls,7
3801,baler,7
3802,mylar,7
3803,plumy,7
3804,raved,7
3805,crost,7
3806,snick,7
3807,nudie,7
3808,colby,7
3809,detox,7
3810,hench,7
3811,divas,7
3812,guido,7
3813,ficus,7
3814,scars,7
3815,turnt,7
3816,ovule,7
3817,wolve,7
3818,sleet,7
3819,coups,7
3820,runny,7
3821,adhoc,7
3822,kefir,7
3823,scran,7
3824,befit,7
3825,repel,7
3826,spick,7
3827,lites,7
3828,clits,7
3829,blots,7
3830,dower,7
3831,mutes,7
3832,winky,7
3833,molts,7
3834,daube,7
3835,ashed,7
3836,wolfs,7
3837,carse,7
3838,tummy,7
3839,laith,7
3840,cloke,7
3841,pilea,7
3842,gummy,7
3843,crise,7
3844,hobby,7
3845,pipes,7
3846,revue,7
3847,carps,7
3848,tucks,7
3849,tarry,7
3850,gnats,7
3851,anglo,7
3852,expel,7
3853,axels,7
3854,yourn,7
3855,walls,7
3856,fixer,7
3857,sythe,7
3858,yetis,7
3859,cluck,7
3860,coles,7
3861,synod,7
3862,drome,7
3863,strak,7
3864,mafia,7
3865,lifes,7
3866,areal,7
3867,bleep,7
3868,cooly,7
3869,rhine,7
3870,thang,7
3871,loons,7
3872,janky,7
3873,bairn,7
3874,lacer,7
3875,rolly,7
3876,flogs,7
3877,fagot,7
3878,yucky,7
3879,fugue,7
3880,whelm,7
3881,carbs,7
3882,irked,7
3883,tased,7
3884,forky,7
3885,chyme,7
3886,goads,7
3887,prats,7
3888,chefs,7
3889,pocky,7
3890,spier,7
3891,roger,7
3892,locky,7
3893,skies,7
3894,ralph,7
3895,uteri,7
3896,thous,7
3897,necks,7
3898,latke,7
3899,beamy,7
3900,slams,7
3901,cubed,7
3902,micky,7
3903,decry,7
3904,spoof,7
3905,yahoo,7
3906,squit,7
3907,bevel,7
3908,rouen,6
3909,narco,6
3910,pubes,6
3911,waned,6
3912,nelly,6
3913,paseo,6
3914,shill,6
3915,brast,6
3916,vaunt,6
3917,flied,6
3918,aures,6
3919,slaps,6
3920,petri,6
3921,ureal,6
3922,kaput,6
3923,saves,6
3924,abord,6
3925,lacks,6
3926,hones,6
3927,hoops,6
3928,noily,6
3929,thole,6
3930,rends,6
3931,agape,6
3932,crans,6
3933,feria,6
3934,mania,6
3935,tyran,6
3936,wiped,6
3937,tacks,6
3938,novas,6
3939,rises,6
3940,doter,6
3941,rushy,6
3942,crake,6
3943,genie,6
3944,roids,6
3945,narcs,6
3946,doors,6
3947,razed,6
3948,cripe,6
3949,amies,6
3950,rotas,6
3951,acnes,6
3952,cases,6
3953,rager,6
3954,arias,6
3955,trill,6
3956,rumba,6
3957,sluts,6
3958,spaer,6
3959,marge,6
3960,lucre,6
3961,footy,6
3962,lofts,6
3963,stylo,6
3964,jokey,6
3965,undee,6
3966,cacti,6
3967,lurks,6
3968,salsa,6
3969,stime,6
3970,wolly,6
3971,mesia,6
3972,gofer,6
3973,heels,6
3974,limos,6
3975,snaps,6
3976,leech,6
3977,barfs,6
3978,thirl,6
3979,vases,6
3980,ahole,6
3981,nites,6
3982,leany,6
3983,abbot,6
3984,helms,6
3985,sower,6
3986,verve,6
3987,antis,6
3988,cited,6
3989,brant,6
3990,rudes,6
3991,parol,6
3992,feeds,6
3993,swung,6
3994,frape,6
3995,salvo,6
3996,dally,6
3997,wives,6
3998,slier,6
3999,ratty,6
4000,rifts,6
4001,grays,6
4002,clots,6
4003,belie,6
4004,toque,6
4005,rerun,6
4006,cushy,6
4007,sorel,6
4008,aight,6
4009,poire,6
4010,putty,6
4011,griot,6
4012,parle,6
4013,hoppy,6
4014,plops,6
4015,wedgy,6
4016,touts,6
4017,blech,6
4018,spake,6
4019,ducat,6
4020,derma,6
4021,naieo,6
4022,banes,6
4023,kirby,6
4024,jorts,6
4025,corky,6
4026,roans,6
4027,moira,6
4028,blate,6
4029,shlep,6
4030,quare,6
4031,oases,6
4032,goony,6
4033,scoff,6
4034,brach,6
4035,edges,6
4036,smily,6
4037,axles,6
4038,sarin,6
4039,dodgy,6
4040,raita,6
4041,gybes,6
4042,dreck,6
4043,lewis,6
4044,jolts,6
4045,haves,6
4046,nicky,6
4047,stewy,6
4048,arsey,6
4049,dirts,6
4050,balon,6
4051,quays,6
4052,tores,6
4053,roues,6
4054,foody,6
4055,sawed,6
4056,spume,6
4057,amped,6
4058,porns,6
4059,mensa,6
4060,muddy,6
4061,stope,6
4062,glady,6
4063,aroid,6
4064,romeo,6
4065,soils,6
4066,filon,6
4067,hurst,6
4068,vapes,6
4069,payor,6
4070,trank,6
4071,mowed,6
4072,ensue,6
4073,prima,6
4074,junks,6
4075,garth,6
4076,welch,6
4077,costs,6
4078,jakes,6
4079,bundy,6
4080,asker,6
4081,buxom,6
4082,lipid,6
4083,cokes,6
4084,quirt,6
4085,vroom,6
4086,giddy,6
4087,demos,6
4088,lamby,6
4089,kilns,6
4090,buses,6
4091,desks,6
4092,preak,6
4093,xenon,6
4094,bowed,6
4095,wined,6
4096,aspie,6
4097,ocrea,6
4098,loris,6
4099,trois,5
4100,fuses,5
4101,clift,5
4102,glads,5
4103,colas,5
4104,magot,5
4105,kudos,5
4106,dorms,5
4107,turfs,5
4108,loses,5
4109,nonyl,5
4110,dimly,5
4111,odors,5
4112,laned,5
4113,monte,5
4114,swans,5
4115,solon,5
4116,lards,5
4117,cains,5
4118,ester,5
4119,kinda,5
4120,roomy,5
4121,mashy,5
4122,ouche,5
4123,fract,5
4124,betas,5
4125,moule,5
4126,tents,5
4127,blart,5
4128,cloys,5
4129,acidy,5
4130,lovie,5
4131,vegas,5
4132,rotal,5
4133,khaki,5
4134,benji,5
4135,ponty,5
4136,mocky,5
4137,torta,5
4138,breds,5
4139,dusky,5
4140,bluff,5
4141,hosts,5
4142,linky,5
4143,seare,5
4144,phage,5
4145,impel,5
4146,hoast,5
4147,debug,5
4148,reaks,5
4149,noser,5
4150,coypu,5
4151,aport,5
4152,alway,5
4153,burgh,5
4154,wight,5
4155,crass,5
4156,dashy,5
4157,pogue,5
4158,stimy,5
4159,putin,5
4160,ripes,5
4161,nexus,5
4162,qajaq,5
4163,amiss,5
4164,crips,5
4165,layup,5
4166,pumas,5
4167,aural,5
4168,palmy,5
4169,swoop,5
4170,roist,5
4171,wombs,5
4172,looms,5
4173,kindy,5
4174,caput,5
4175,towed,5
4176,brane,5
4177,scams,5
4178,gored,5
4179,jades,5
4180,shope,5
4181,linch,5
4182,carer,5
4183,guava,5
4184,posse,5
4185,tacit,5
4186,chank,5
4187,grubs,5
4188,canny,5
4189,delis,5
4190,ploat,5
4191,aways,5
4192,kempt,5
4193,damps,5
4194,deify,5
4195,whims,5
4196,evils,5
4197,rudie,5
4198,glair,5
4199,revel,5
4200,yowie,5
4201,butte,5
4202,jammy,5
4203,stent,5
4204,pondy,5
4205,amply,5
4206,abets,5
4207,mazes,5
4208,nocks,5
4209,nulls,5
4210,piler,5
4211,wicks,5
4212,stans,5
4213,vamps,5
4214,bouge,5
4215,crine,5
4216,yourt,5
4217,vexed,5
4218,rowed,5
4219,alate,5
4220,bides,5
4221,bells,5
4222,hilly,5
4223,dings,5
4224,onium,5
4225,stroy,5
4226,baled,5
4227,whoop,5
4228,heast,5
4229,foule,5
4230,snarf,5
4231,knive,5
4232,sheen,5
4233,mouch,5
4234,epics,5
4235,marle,5
4236,riant,5
4237,felix,5
4238,clast,5
4239,dives,5
4240,remap,5
4241,chows,5
4242,anted,5
4243,gapes,5
4244,riper,5
4245,marse,5
4246,gassy,5
4247,yogis,5
4248,doles,5
4249,owing,5
4250,trist,5
4251,lamed,5
4252,gluon,5
4253,manty,5
4254,yorks,5
4255,titty,5
4256,winge,5
4257,tache,5
4258,woozy,5
4259,ariot,5
4260,brims,5
4261,irade,5
4262,saith,5
4263,flues,5
4264,makee,5
4265,psion,5
4266,smush,5
4267,dolls,5
4268,gloop,5
4269,spams,5
4270,frier,5
4271,cubit,5
4272,frows,5
4273,stonk,5
4274,worts,5
4275,lotto,5
4276,cates,5
4277,pooly,5
4278,cacao,5
4279,shyer,5
4280,pangs,5
4281,gilet,5
4282,faine,5
4283,poind,5
4284,tarts,5
4285,primp,5
4286,rower,5
4287,horsy,5
4288,bronc,5
4289,ramie,5
4290,ether,5
4291,whens,5
4292,crick,5
4293,irone,5
4294,cager,5
4295,stems,5
4296,eosin,5
4297,swami,5
4298,coyly,5
4299,lardy,5
4300,routh,5
4301,taxis,5
4302,vales,5
4303,drams,5
4304,eclat,5
4305,thuds,5
4306,razes,5
4307,comps,5
4308,fasts,5
4309,cheet,5
4310,broch,5
4311,conga,5
4312,bunty,5
4313,vials,5
4314,lyres,5
4315,amuck,5
4316,fores,5
4317,fubar,5
4318,perms,5
4319,puree,5
4320,weeds,5
4321,turks,5
4322,mingy,5
4323,curie,4
4324,jinks,4
4325,clops,4
4326,alums,4
4327,gruff,4
4328,meath,4
4329,slaty,4
4330,sally,4
4331,liney,4
4332,seeds,4
4333,luger,4
4334,sides,4
4335,wheys,4
4336,imbed,4
4337,promo,4
4338,situp,4
4339,fugal,4
4340,drest,4
4341,saned,4
4342,joked,4
4343,boeuf,4
4344,rinks,4
4345,juror,4
4346,soaps,4
4347,doley,4
4348,ousel,4
4349,jives,4
4350,rioty,4
4351,swang,4
4352,agora,4
4353,tansy,4
4354,pents,4
4355,acton,4
4356,beefy,4
4357,furor,4
4358,mossy,4
4359,gazes,4
4360,scote,4
4361,exite,4
4362,smout,4
4363,fends,4
4364,benis,4
4365,cadie,4
4366,exude,4
4367,lythe,4
4368,torso,4
4369,opted,4
4370,boite,4
4371,tasks,4
4372,caber,4
4373,buggy,4
4374,paned,4
4375,dulce,4
4376,milfs,4
4377,avise,4
4378,bords,4
4379,donny,4
4380,loams,4
4381,vison,4
4382,noded,4
4383,facia,4
4384,novae,4
4385,jihad,4
4386,repos,4
4387,mauri,4
4388,hills,4
4389,polks,4
4390,stoat,4
4391,dogie,4
4392,judgy,4
4393,peeps,4
4394,twats,4
4395,aitch,4
4396,romps,4
4397,dilly,4
4398,shent,4
4399,tongs,4
4400,gizmo,4
4401,beret,4
4402,swiss,4
4403,glams,4
4404,speir,4
4405,magma,4
4406,lupus,4
4407,natal,4
4408,tithe,4
4409,parly,4
4410,noahs,4
4411,holon,4
4412,brank,4
4413,silty,4
4414,noirs,4
4415,stood,4
4416,pissy,4
4417,combe,4
4418,egret,4
4419,strag,4
4420,tress,4
4421,reels,4
4422,chems,4
4423,leats,4
4424,veldt,4
4425,thema,4
4426,nouls,4
4427,costa,4
4428,suing,4
4429,selah,4
4430,santo,4
4431,coves,4
4432,tommy,4
4433,kicks,4
4434,lefts,4
4435,kelly,4
4436,mangi,4
4437,balot,4
4438,weals,4
4439,ousts,4
4440,darcy,4
4441,shall,4
4442,maced,4
4443,emery,4
4444,vying,4
4445,pulls,4
4446,homed,4
4447,binky,4
4448,stoln,4
4449,gouch,4
4450,asses,4
4451,doyen,4
4452,ploye,4
4453,talea,4
4454,waked,4
4455,reist,4
4456,bialy,4
4457,bulbs,4
4458,foots,4
4459,assay,4
4460,drupe,4
4461,lated,4
4462,comma,4
4463,theor,4
4464,pecks,4
4465,harry,4
4466,spean,4
4467,toric,4
4468,soggy,4
4469,indue,4
4470,taber,4
4471,crare,4
4472,nooks,4
4473,dupes,4
4474,globy,4
4475,faver,4
4476,toise,4
4477,solos,4
4478,fugly,4
4479,dolts,4
4480,phasm,4
4481,elves,4
4482,curds,4
4483,libre,4
4484,slunk,4
4485,mimic,4
4486,oliva,4
4487,gaped,4
4488,dukes,4
4489,ninny,4
4490,pling,4
4491,knick,4
4492,amole,4
4493,plebs,4
4494,atria,4
4495,combo,4
4496,rotes,4
4497,honks,4
4498,ginge,4
4499,teaks,4
4500,ditto,4
4501,perts,4
4502,biggy,4
4503,billy,4
4504,spurs,4
4505,sture,4
4506,spect,4
4507,roake,4
4508,panko,4
4509,bated,4
4510,bursa,4
4511,danse,4
4512,karst,4
4513,pedro,4
4514,covey,4
4515,oxbow,4
4516,minks,4
4517,phare,4
4518,baned,4
4519,alist,4
4520,peeve,4
4521,cites,4
4522,waldo,4
4523,civic,4
4524,gully,4
4525,chads,4
4526,hypes,4
4527,undos,4
4528,surfs,4
4529,vitae,4
4530,sirup,4
4531,nexts,4
4532,muled,4
4533,baggy,4
4534,sault,4
4535,isles,4
4536,servo,4
4537,talls,4
4538,yappy,4
4539,morts,4
4540,twill,4
4541,gamin,4
4542,aleph,4
4543,crepy,4
4544,tells,4
4545,larnt,4
4546,rumpy,4
4547,doser,4
4548,sprue,4
4549,tonga,4
4550,hales,4
4551,xenia,4
4552,hyrax,4
4553,milds,4
4554,sceat,4
4555,monde,4
4556,motto,4
4557,spait,4
4558,bosun,4
4559,maser,4
4560,larva,4
4561,seedy,4
4562,guppy,4
4563,nicey,4
4564,ancho,4
4565,duals,4
4566,pecky,4
4567,spode,4
4568,salts,4
4569,sawer,4
4570,dungy,4
4571,bunts,4
4572,codex,4
4573,looky,4
4574,canid,4
4575,debar,4
4576,unagi,4
4577,yogas,4
4578,baize,4
4579,cults,4
4580,reoil,4
4581,sissy,4
4582,vespa,4
4583,tunas,4
4584,germy,4
4585,pokie,4
4586,carbo,4
4587,beets,4
4588,leady,4
4589,panto,4
4590,sward,4
4591,zeros,4
4592,myrrh,4
4593,acher,4
4594,silos,4
4595,brits,4
4596,quate,4
4597,biked,4
4598,gases,4
4599,grith,4
4600,gault,4
4601,caped,4
4602,trods,4
4603,skips,4
4604,agues,4
4605,ketch,4
4606,doers,4
4607,ethyl,4
4608,parrs,4
4609,forgo,4
4610,ostia,4
4611,spits,4
4612,circa,4
4613,gulfs,4
4614,grads,4
4615,vireo,4
4616,mento,4
4617,pooch,4
4618,jacky,4
4619,bytes,4
4620,bogan,4
4621,mincy,4
4622,yokes,4
4623,twixt,4
4624,copes,4
4625,phobe,4
4626,lasts,4
4627,cronk,4
4628,blanc,4
4629,pouce,4
4630,fonds,4
4631,blips,4
4632,tangs,4
4633,sands,4
4634,thorp,4
4635,genom,4
4636,brise,4
4637,loups,3
4638,ileac,3
4639,basis,3
4640,haole,3
4641,dight,3
4642,lowen,3
4643,achoo,3
4644,chape,3
4645,rungs,3
4646,layed,3
4647,xenic,3
4648,serin,3
4649,juris,3
4650,rhime,3
4651,kiter,3
4652,outdo,3
4653,reify,3
4654,fauve,3
4655,enema,3
4656,hells,3
4657,mucus,3
4658,trady,3
4659,waged,3
4660,entia,3
4661,clept,3
4662,aquas,3
4663,negus,3
4664,nazis,3
4665,teade,3
4666,phial,3
4667,lutes,3
4668,tikes,3
4669,fowls,3
4670,trona,3
4671,frust,3
4672,axion,3
4673,trapt,3
4674,stirs,3
4675,burro,3
4676,chiro,3
4677,bigly,3
4678,sized,3
4679,wiles,3
4680,bello,3
4681,diced,3
4682,grund,3
4683,mardy,3
4684,proul,3
4685,shand,3
4686,kooky,3
4687,ogles,3
4688,julep,3
4689,swede,3
4690,fords,3
4691,aloin,3
4692,bally,3
4693,domed,3
4694,shiva,3
4695,flore,3
4696,stend,3
4697,pyrex,3
4698,sofas,3
4699,dyers,3
4700,buret,3
4701,sassy,3
4702,platy,3
4703,vesta,3
4704,sends,3
4705,gotta,3
4706,vacay,3
4707,robed,3
4708,scrow,3
4709,missy,3
4710,skulk,3
4711,fumed,3
4712,inspo,3
4713,recal,3
4714,sites,3
4715,chout,3
4716,slipe,3
4717,kebab,3
4718,toney,3
4719,saury,3
4720,coper,3
4721,puked,3
4722,deair,3
4723,raper,3
4724,curbs,3
4725,parid,3
4726,lobed,3
4727,ocher,3
4728,kylie,3
4729,japes,3
4730,tabby,3
4731,togue,3
4732,kyrie,3
4733,gynos,3
4734,netty,3
4735,crusy,3
4736,seine,3
4737,carat,3
4738,fadge,3
4739,axial,3
4740,cadge,3
4741,thots,3
4742,hived,3
4743,rumen,3
4744,dykes,3
4745,skins,3
4746,avian,3
4747,erick,3
4748,basks,3
4749,isled,3
4750,boult,3
4751,aback,3
4752,lacet,3
4753,welds,3
4754,goths,3
4755,ditzy,3
4756,brans,3
4757,soled,3
4758,milty,3
4759,thans,3
4760,grans,3
4761,parky,3
4762,swail,3
4763,milos,3
4764,entre,3
4765,vaper,3
4766,sabot,3
4767,fents,3
4768,moran,3
4769,egads,3
4770,kraft,3
4771,cauld,3
4772,cohoe,3
4773,lings,3
4774,bitsy,3
4775,lubed,3
4776,troat,3
4777,iliac,3
4778,gulag,3
4779,zings,3
4780,leggy,3
4781,lunes,3
4782,modus,3
4783,aecia,3
4784,cardi,3
4785,staun,3
4786,gymps,3
4787,haver,3
4788,nippy,3
4789,wrapt,3
4790,soler,3
4791,hared,3
4792,lowry,3
4793,tined,3
4794,hoars,3
4795,scabs,3
4796,bodge,3
4797,arete,3
4798,piony,3
4799,muses,3
4800,campo,3
4801,tween,3
4802,bindi,3
4803,lubes,3
4804,noule,3
4805,recut,3
4806,sager,3
4807,idyll,3
4808,clour,3
4809,ahold,3
4810,skink,3
4811,acers,3
4812,shaul,3
4813,doozy,3
4814,chits,3
4815,fonly,3
4816,umped,3
4817,toots,3
4818,grone,3
4819,motes,3
4820,brume,3
4821,norma,3
4822,rooms,3
4823,civet,3
4824,noria,3
4825,algor,3
4826,pests,3
4827,chark,3
4828,bleah,3
4829,chapt,3
4830,feces,3
4831,zooms,3
4832,lauch,3
4833,cosey,3
4834,smolt,3
4835,fayre,3
4836,dunno,3
4837,barde,3
4838,yowls,3
4839,pagan,3
4840,quins,3
4841,shiel,3
4842,redux,3
4843,abbey,3
4844,basal,3
4845,meshy,3
4846,loden,3
4847,pippy,3
4848,hedgy,3
4849,doric,3
4850,fient,3
4851,figgy,3
4852,manky,3
4853,recur,3
4854,ducts,3
4855,pures,3
4856,agita,3
4857,rosti,3
4858,ringy,3
4859,rooky,3
4860,rando,3
4861,genoa,3
4862,ringe,3
4863,dozer,3
4864,clipt,3
4865,stive,3
4866,ticky,3
4867,dooms,3
4868,tufts,3
4869,leery,3
4870,loury,3
4871,begot,3
4872,larky,3
4873,dormy,3
4874,solan,3
4875,ceria,3
4876,slaid,3
4877,cryer,3
4878,hamza,3
4879,morns,3
4880,tarte,3
4881,drony,3
4882,blued,3
4883,grovy,3
4884,riped,3
4885,rayed,3
4886,sooth,3
4887,thale,3
4888,fussy,3
4889,drail,3
4890,rived,3
4891,pongs,3
4892,poked,3
4893,shuts,3
4894,darky,3
4895,halfs,3
4896,blimy,3
4897,zingy,3
4898,reeds,3
4899,rangy,3
4900,sneer,3
4901,eaves,3
4902,unmet,3
4903,noobs,3
4904,chugs,3
4905,popes,3
4906,festy,3
4907,lutea,3
4908,leper,3
4909,rodes,3
4910,vibex,3
4911,phono,3
4912,creme,3
4913,offal,3
4914,pates,3
4915,largo,3
4916,cuppa,3
4917,hippy,3
4918,dixie,3
4919,flans,3
4920,drack,3
4921,jocks,3
4922,stogy,3
4923,moley,3
4924,loots,3
4925,spack,3
4926,herby,3
4927,feels,3
4928,newts,3
4929,spide,3
4930,pawed,3
4931,levee,3
4932,cooch,3
4933,droll,3
4934,porny,3
4935,choon,3
4936,zaire,3
4937,boogy,3
4938,glume,3
4939,halls,3
4940,genes,3
4941,rowen,3
4942,sammy,3
4943,urial,3
4944,sinks,3
4945,nitty,3
4946,poses,3
4947,oleic,3
4948,shits,3
4949,rears,3
4950,bucko,3
4951,gally,3
4952,puter,3
4953,biled,3
4954,minke,3
4955,wifes,3
4956,toran,3
4957,telos,3
4958,sighs,3
4959,brith,3
4960,suety,3
4961,abies,3
4962,milly,3
4963,unwed,3
4964,hurty,3
4965,fonts,3
4966,saree,3
4967,spard,3
4968,rares,3
4969,pinge,3
4970,paoli,3
4971,anion,3
4972,ganja,3
4973,shawn,3
4974,mudge,3
4975,atony,3
4976,sithe,3
4977,teads,3
4978,duper,3
4979,ronin,3
4980,masty,3
4981,brads,3
4982,redan,3
4983,nyala,3
4984,hurly,3
4985,tapas,3
4986,salud,3
4987,snugs,3
4988,celts,3
4989,taboo,3
4990,annul,3
4991,folie,3
4992,arter,3
4993,hinky,3
4994,choco,3
4995,knack,3
4996,tenet,3
4997,beigy,3
4998,coons,3
4999,telco,3
5000,gilds,3
5001,hicks,3
5002,bunco,3
5003,cromb,3
5004,mopes,3
5005,besom,3
5006,rumps,3
5007,curet,3
5008,strow,3
5009,signa,3
5010,dalek,3
5011,peers,3
5012,chuff,3
5013,frosh,3
5014,batts,3
5015,margo,3
5016,smalt,3
5017,whirr,3
5018,roars,3
5019,toyed,3
5020,venti,3
5021,sores,3
5022,kneed,3
5023,nubby,3
5024,scarp,3
5025,syncs,3
5026,fraim,3
5027,gauch,3
5028,hunks,3
5029,stymy,3
5030,paten,3
5031,cruds,3
5032,runer,3
5033,brusk,3
5034,bogue,3
5035,skids,3
5036,gunny,3
5037,xeric,3
5038,janes,3
5039,horst,3
5040,users,3
5041,gurdy,3
5042,lokey,3
5043,skite,3
5044,festa,3
5045,teeny,3
5046,scrag,3
5047,deist,3
5048,frizz,3
5049,niton,3
5050,thack,3
5051,punty,3
5052,skank,3
5053,choux,3
5054,dinge,3
5055,deers,3
5056,tater,3
5057,appel,3
5058,snaky,3
5059,towny,3
5060,mante,3
5061,flamy,3
5062,barry,3
5063,etude,3
5064,lusts,3
5065,blogs,3
5066,anker,3
5067,brose,3
5068,lense,3
5069,mikes,3
5070,plock,3
5071,wroth,3
5072,drabs,3
5073,dross,3
5074,gothy,3
5075,wells,3
5076,mungo,3
5077,sedum,3
5078,madam,3
5079,waxed,3
5080,booky,3
5081,balms,3
5082,macaw,3
5083,snead,3
5084,imago,3
5085,lanch,3
5086,hafiz,2
5087,hames,2
5088,rinds,2
5089,tarns,2
5090,forbs,2
5091,unios,2
5092,taros,2
5093,yucca,2
5094,yobbo,2
5095,gazer,2
5096,bosom,2
5097,losed,2
5098,salic,2
5099,solum,2
5100,dinks,2
5101,potes,2
5102,tenon,2
5103,chaft,2
5104,oomph,2
5105,cukes,2
5106,douts,2
5107,gleba,2
5108,fungo,2
5109,doses,2
5110,melds,2
5111,rache,2
5112,mamma,2
5113,manus,2
5114,verso,2
5115,slosh,2
5116,sacks,2
5117,tynes,2
5118,stuns,2
5119,enoki,2
5120,wooer,2
5121,nully,2
5122,oculi,2
5123,ouphe,2
5124,booed,2
5125,tulle,2
5126,gonna,2
5127,toidy,2
5128,estoc,2
5129,diana,2
5130,dweeb,2
5131,plotz,2
5132,buena,2
5133,decan,2
5134,verts,2
5135,keyed,2
5136,sages,2
5137,shote,2
5138,besti,2
5139,grrrl,2
5140,hoaed,2
5141,poley,2
5142,stoun,2
5143,booms,2
5144,salep,2
5145,nuevo,2
5146,sybil,2
5147,shams,2
5148,zygon,2
5149,drays,2
5150,satay,2
5151,tawie,2
5152,loggy,2
5153,gaspy,2
5154,moses,2
5155,maund,2
5156,bungs,2
5157,dhoti,2
5158,sprog,2
5159,spail,2
5160,slots,2
5161,mahoe,2
5162,sappy,2
5163,toles,2
5164,paddy,2
5165,muton,2
5166,caddy,2
5167,yoked,2
5168,faqir,2
5169,froyo,2
5170,metre,2
5171,lisps,2
5172,studs,2
5173,jeeps,2
5174,purty,2
5175,deeds,2
5176,swaps,2
5177,cardy,2
5178,dotes,2
5179,minis,2
5180,ogled,2
5181,valse,2
5182,coled,2
5183,poofy,2
5184,colly,2
5185,donee,2
5186,bipod,2
5187,rotor,2
5188,amass,2
5189,scans,2
5190,ulyie,2
5191,fease,2
5192,botts,2
5193,spiky,2
5194,benni,2
5195,naled,2
5196,rimed,2
5197,alowe,2
5198,trogs,2
5199,aulos,2
5200,sowed,2
5201,banco,2
5202,agone,2
5203,napes,2
5204,rabis,2
5205,yuppy,2
5206,maxim,2
5207,sexes,2
5208,spitz,2
5209,squiz,2
5210,runic,2
5211,fanum,2
5212,snook,2
5213,cubic,2
5214,lanai,2
5215,augur,2
5216,faggy,2
5217,botty,2
5218,retin,2
5219,spyre,2
5220,betty,2
5221,manto,2
5222,dangs,2
5223,lurgy,2
5224,krait,2
5225,treed,2
5226,jenny,2
5227,sease,2
5228,slops,2
5229,downa,2
5230,honer,2
5231,fixes,2
5232,risks,2
5233,dazes,2
5234,ukase,2
5235,bilbo,2
5236,frita,2
5237,condo,2
5238,vagus,2
5239,dobby,2
5240,troad,2
5241,polts,2
5242,galas,2
5243,tonka,2
5244,shims,2
5245,douma,2
5246,boaty,2
5247,globs,2
5248,sheol,2
5249,arses,2
5250,maron,2
5251,snoke,2
5252,squab,2
5253,lodes,2
5254,togas,2
5255,reans,2
5256,uncap,2
5257,pocks,2
5258,heare,2
5259,chynd,2
5260,myope,2
5261,bogle,2
5262,creds,2
5263,pulpy,2
5264,piner,2
5265,sours,2
5266,sully,2
5267,gipsy,2
5268,limed,2
5269,pikel,2
5270,theta,2
5271,seems,2
5272,ranis,2
5273,defog,2
5274,fatly,2
5275,assed,2
5276,stupa,2
5277,tirls,2
5278,uvula,2
5279,plexi,2
5280,yclad,2
5281,jiffy,2
5282,waxen,2
5283,bourd,2
5284,levis,2
5285,spewy,2
5286,salat,2
5287,cavil,2
5288,fumer,2
5289,wryly,2
5290,welly,2
5291,vigil,2
5292,sapid,2
5293,dicky,2
5294,bemix,2
5295,stabs,2
5296,manga,2
5297,davit,2
5298,chirt,2
5299,pelon,2
5300,pervy,2
5301,baser,2
5302,citer,2
5303,roofs,2
5304,piths,2
5305,maxed,2
5306,lippy,2
5307,oubit,2
5308,krill,2
5309,abase,2
5310,rindy,2
5311,morin,2
5312,wests,2
5313,xebec,2
5314,admen,2
5315,wools,2
5316,tubed,2
5317,lavas,2
5318,hakes,2
5319,dawgs,2
5320,hoser,2
5321,sumac,2
5322,biles,2
5323,monie,2
5324,mense,2
5325,bardy,2
5326,linos,2
5327,cluey,2
5328,snoot,2
5329,zymic,2
5330,deems,2
5331,octan,2
5332,fisty,2
5333,poena,2
5334,clods,2
5335,crowl,2
5336,gasps,2
5337,reamy,2
5338,airts,2
5339,tamps,2
5340,quarl,2
5341,mazed,2
5342,senti,2
5343,leeks,2
5344,liart,2
5345,schwa,2
5346,carrs,2
5347,casas,2
5348,tungs,2
5349,slive,2
5350,crays,2
5351,expos,2
5352,vulva,2
5353,gaols,2
5354,logos,2
5355,taces,2
5356,pross,2
5357,boons,2
5358,vowed,2
5359,peans,2
5360,chevy,2
5361,dropt,2
5362,dural,2
5363,psoae,2
5364,rayne,2
5365,amort,2
5366,swarf,2
5367,daine,2
5368,neals,2
5369,shook,2
5370,dumas,2
5371,indol,2
5372,menta,2
5373,iambs,2
5374,trock,2
5375,batty,2
5376,nobby,2
5377,amnio,2
5378,benny,2
5379,purin,2
5380,reman,2
5381,poset,2
5382,gnaws,2
5383,pinon,2
5384,ident,2
5385,peels,2
5386,swags,2
5387,tumpy,2
5388,laver,2
5389,claro,2
5390,stong,2
5391,genty,2
5392,caffe,2
5393,meint,2
5394,toped,2
5395,tolly,2
5396,mills,2
5397,wizen,2
5398,certy,2
5399,belle,2
5400,winey,2
5401,monad,2
5402,gages,2
5403,wanky,2
5404,forma,2
5405,dicot,2
5406,nason,2
5407,dewar,2
5408,cysts,2
5409,bonks,2
5410,mynah,2
5411,jingo,2
5412,wacko,2
5413,blunk,2
5414,rhone,2
5415,sitch,2
5416,taiga,2
5417,frags,2
5418,mouls,2
5419,grise,2
5420,yates,2
5421,mutch,2
5422,cabal,2
5423,beaky,2
5424,layin,2
5425,nuder,2
5426,elegy,2
5427,brees,2
5428,nooky,2
5429,karat,2
5430,getup,2
5431,flews,2
5432,inapt,2
5433,delft,2
5434,souse,2
5435,lowed,2
5436,fogey,2
5437,grody,2
5438,tauon,2
5439,ponts,2
5440,bents,2
5441,quaky,2
5442,abuts,2
5443,snots,2
5444,pions,2
5445,poilu,2
5446,tolan,2
5447,gongs,2
5448,crapy,2
5449,agaze,2
5450,ferny,2
5451,burka,2
5452,galah,2
5453,codon,2
5454,ileus,2
5455,zombi,2
5456,untag,2
5457,arced,2
5458,rimes,2
5459,juked,2
5460,perry,2
5461,quais,2
5462,exfil,2
5463,tehrs,2
5464,nyong,2
5465,muser,2
5466,humph,2
5467,flyte,2
5468,snipy,2
5469,picot,2
5470,liker,2
5471,gauzy,2
5472,maunt,2
5473,heeds,2
5474,shool,2
5475,melee,2
5476,laund,2
5477,emirs,2
5478,agios,2
5479,potin,2
5480,halon,2
5481,moler,2
5482,anima,2
5483,twirp,2
5484,barny,2
5485,paves,2
5486,jived,2
5487,macle,2
5488,udder,2
5489,mobey,2
5490,yeahs,2
5491,doeth,2
5492,clipe,2
5493,munge,2
5494,solds,2
5495,supra,2
5496,noway,2
5497,swill,2
5498,soots,2
5499,nital,2
5500,meare,2
5501,jowls,2
5502,nimby,2
5503,hinny,2
5504,smerk,2
5505,batik,2
5506,jetty,2
5507,fluey,2
5508,jaded,2
5509,haply,2
5510,cohen,2
5511,texts,2
5512,roves,2
5513,annal,2
5514,chave,2
5515,fusil,2
5516,hoody,2
5517,creps,2
5518,piked,2
5519,guiro,2
5520,cleve,2
5521,scrod,2
5522,tyers,2
5523,trems,2
5524,dryad,2
5525,moods,2
5526,obeli,2
5527,songy,2
5528,sonly,2
5529,mased,2
5530,halal,2
5531,poral,2
5532,basen,2
5533,idola,2
5534,simps,2
5535,fiche,2
5536,dikes,2
5537,piped,2
5538,bhaji,2
5539,bries,2
5540,balti,2
5541,blins,2
5542,gived,2
5543,platt,2
5544,embed,2
5545,bodhi,2
5546,mapes,2
5547,feard,2
5548,neaps,2
5549,slats,2
5550,mings,2
5551,toper,2
5552,spats,2
5553,fakir,2
5554,pengo,2
5555,huger,2
5556,wanes,2
5557,brays,2
5558,terry,2
5559,barbs,2
5560,wafts,2
5561,odder,2
5562,aizle,2
5563,spaul,2
5564,aboil,2
5565,serac,2
5566,yeard,2
5567,busts,2
5568,bluet,2
5569,banky,2
5570,flyin,2
5571,pance,2
5572,gushy,2
5573,frize,2
5574,oints,2
5575,maces,2
5576,boric,2
5577,tonks,2
5578,vanes,2
5579,liard,2
5580,bumph,2
5581,oaked,2
5582,wally,2
5583,sixes,2
5584,carny,2
5585,totes,2
5586,skive,2
5587,exult,2
5588,mucho,2
5589,acerb,2
5590,teins,2
5591,pends,2
5592,patel,2
5593,floes,2
5594,pwned,2
5595,baddy,2
5596,istle,2
5597,boree,2
5598,nieve,2
5599,reave,2
5600,drear,2
5601,doted,2
5602,whams,2
5603,snary,2
5604,agley,2
5605,kelpy,2
5606,sprad,2
5607,bimbo,2
5608,lawny,2
5609,burry,2
5610,metas,2
5611,rioja,2
5612,outro,2
5613,lymes,2
5614,ceorl,2
5615,safes,2
5616,sents,2
5617,sodas,2
5618,hyoid,2
5619,brule,2
5620,bulks,2
5621,tousy,2
5622,yenta,2
5623,coaly,2
5624,yules,2
5625,derms,2
5626,resue,2
5627,curat,2
5628,trest,2
5629,payee,2
5630,bardo,2
5631,peeky,2
5632,cowry,2
5633,carns,2
5634,cyton,2
5635,rared,2
5636,courd,2
5637,convo,2
5638,whiff,2
5639,skoal,2
5640,harks,2
5641,brool,2
5642,blash,2
5643,bouns,2
5644,moils,2
5645,lurex,2
5646,goyle,2
5647,celeb,2
5648,raker,2
5649,brigs,2
5650,cosie,2
5651,usnea,2
5652,tonus,2
5653,atoll,2
5654,rougy,2
5655,aquae,2
5656,sorts,2
5657,matty,2
5658,renig,2
5659,dauby,2
5660,dorse,2
5661,lants,2
5662,prent,2
5663,rouet,2
5664,kales,2
5665,spink,2
5666,soaks,2
5667,moled,2
5668,gibes,2
5669,liege,2
5670,matts,2
5671,benty,2
5672,icing,2
5673,dampy,2
5674,gomer,2
5675,enure,2
5676,solde,2
5677,wonts,2
5678,pupae,2
5679,talus,2
5680,velum,2
5681,feals,2
5682,nonny,2
5683,qualy,2
5684,hider,2
5685,quine,2
5686,boggy,2
5687,malls,2
5688,haily,2
5689,perls,2
5690,bluds,2
5691,doper,2
5692,reeks,2
5693,nohow,2
5694,crios,2
5695,doris,2
5696,orant,2
5697,madge,2
5698,taube,2
5699,kazoo,2
5700,hulky,2
5701,scire,2
5702,jowly,2
5703,trema,2
5704,knurl,2
5705,humus,2
5706,letch,2
5707,lunas,2
5708,wides,2
5709,fusty,2
5710,cades,2
5711,bruck,2
5712,couta,2
5713,retie,2
5714,rheum,2
5715,moues,2
5716,homos,2
5717,tirrs,2
5718,goyim,2
5719,cooky,2
5720,mummy,2
5721,poppa,2
5722,besot,2
5723,savey,2
5724,huggy,2
5725,gazed,2
5726,unlet,2
5727,macer,2
5728,nomes,2
5729,artel,2
5730,shend,2
5731,naice,2
5732,appal,2
5733,steed,2
5734,whort,2
5735,rubel,2
5736,disci,2
5737,beefs,2
5738,lifey,2
5739,toras,2
5740,septa,2
5741,swats,2
5742,flors,2
5743,duped,2
5744,pubis,2
5745,derpy,2
5746,aloed,2
5747,taxed,2
5748,soars,2
5749,silva,2
5750,humpy,2
5751,oleum,2
5752,tusky,2
5753,emcee,2
5754,dozes,2
5755,danny,2
5756,kelps,2
5757,beeps,2
5758,viced,2
5759,coked,2
5760,jiggy,2
5761,babel,2
5762,okras,2
5763,odeum,2
5764,rabbi,2
5765,discs,2
5766,pumie,2
5767,goopy,2
5768,wents,2
5769,zoner,2
5770,doped,2
5771,tyros,2
5772,noyau,2
5773,rater,2
5774,hilts,2
5775,linds,2
5776,permy,2
5777,fazes,2
5778,pring,2
5779,crons,1
5780,linny,1
5781,miked,1
5782,pumpy,1
5783,benne,1
5784,tammy,1
5785,pleno,1
5786,vealy,1
5787,toffy,1
5788,raith,1
5789,birks,1
5790,loled,1
5791,bayer,1
5792,wrick,1
5793,gulpy,1
5794,cunny,1
5795,juvie,1
5796,marvy,1
5797,arked,1
5798,pilae,1
5799,oopsy,1
5800,bobas,1
5801,sprag,1
5802,gambe,1
5803,chica,1
5804,zerda,1
5805,piert,1
5806,lipos,1
5807,ioras,1
5808,skart,1
5809,malus,1
5810,garam,1
5811,eider,1
5812,joual,1
5813,ranse,1
5814,sharn,1
5815,preps,1
5816,falsy,1
5817,mease,1
5818,didst,1
5819,laufs,1
5820,comal,1
5821,maist,1
5822,relet,1
5823,toker,1
5824,lynes,1
5825,curli,1
5826,gigas,1
5827,gryke,1
5828,yonks,1
5829,unply,1
5830,pulik,1
5831,leone,1
5832,lindy,1
5833,morne,1
5834,acned,1
5835,nomas,1
5836,fains,1
5837,bosky,1
5838,pisky,1
5839,ameba,1
5840,mandi,1
5841,osetr,1
5842,chias,1
5843,easts,1
5844,lossy,1
5845,bourg,1
5846,hosel,1
5847,casts,1
5848,folia,1
5849,jiaos,1
5850,flota,1
5851,ourey,1
5852,aidas,1
5853,czars,1
5854,casks,1
5855,chiba,1
5856,bosey,1
5857,rejig,1
5858,poncy,1
5859,mavis,1
5860,seron,1
5861,mausy,1
5862,borde,1
5863,grike,1
5864,sherd,1
5865,flory,1
5866,ducal,1
5867,frith,1
5868,muset,1
5869,tasse,1
5870,passe,1
5871,shalm,1
5872,gumps,1
5873,fovea,1
5874,rieve,1
5875,minas,1
5876,fidge,1
5877,coths,1
5878,novio,1
5879,porth,1
5880,vetch,1
5881,ratan,1
5882,mulls,1
5883,shonk,1
5884,oches,1
5885,hella,1
5886,moted,1
5887,muzak,1
5888,shule,1
5889,blore,1
5890,clary,1
5891,urite,1
5892,kulas,1
5893,plena,1
5894,pinny,1
5895,kinks,1
5896,simba,1
5897,burgs,1
5898,rebuy,1
5899,pecke,1
5900,gordo,1
5901,wried,1
5902,nighs,1
5903,meeps,1
5904,gluts,1
5905,llano,1
5906,helly,1
5907,makan,1
5908,spars,1
5909,deism,1
5910,raits,1
5911,quina,1
5912,lushy,1
5913,bruhs,1
5914,swith,1
5915,bawns,1
5916,reeky,1
5917,toled,1
5918,troth,1
5919,stoep,1
5920,ceros,1
5921,admix,1
5922,ayins,1
5923,aroha,1
5924,wimps,1
5925,begar,1
5926,naiks,1
5927,vlogs,1
5928,plaig,1
5929,sient,1
5930,fitch,1
5931,pluff,1
5932,cuvee,1
5933,rheas,1
5934,withe,1
5935,mires,1
5936,areic,1
5937,plash,1
5938,skyer,1
5939,cwtch,1
5940,heapy,1
5941,pongy,1
5942,solei,1
5943,mesas,1
5944,sayid,1
5945,ciggy,1
5946,moree,1
5947,ghest,1
5948,addle,1
5949,noeme,1
5950,kents,1
5951,piuma,1
5952,elven,1
5953,amove,1
5954,roted,1
5955,prowk,1
5956,runed,1
5957,raned,1
5958,blahs,1
5959,tulsi,1
5960,roany,1
5961,eniac,1
5962,infra,1
5963,mothy,1
5964,dente,1
5965,nelia,1
5966,nevel,1
5967,axile,1
5968,whump,1
5969,bilgy,1
5970,fraus,1
5971,uredo,1
5972,coops,1
5973,gorbs,1
5974,tilly,1
5975,vaped,1
5976,woker,1
5977,gimps,1
5978,boart,1
5979,rondo,1
5980,drent,1
5981,covin,1
5982,reune,1
5983,pical,1
5984,tyred,1
5985,blawn,1
5986,envoi,1
5987,logie,1
5988,goosy,1
5989,shaly,1
5990,boyau,1
5991,halid,1
5992,vasty,1
5993,limen,1
5994,ended,1
5995,peeks,1
5996,matlo,1
5997,winos,1
5998,dufus,1
5999,allot,1
6000,fakey,1
6001,swire,1
6002,luxed,1
6003,tondi,1
6004,bants,1
6005,blert,1
6006,apter,1
6007,waney,1
6008,burqa,1
6009,chelp,1
6010,porae,1
6011,butty,1
6012,enols,1
6013,lysis,1
6014,weedy,1
6015,armet,1
6016,nduja,1
6017,lazes,1
6018,tragi,1
6019,scowp,1
6020,spule,1
6021,mixes,1
6022,voles,1
6023,narks,1
6024,yoker,1
6025,podal,1
6026,psoai,1
6027,yonic,1
6028,beset,1
6029,dykon,1
6030,dozed,1
6031,biped,1
6032,twirk,1
6033,eyrie,1
6034,quaff,1
6035,kofta,1
6036,reefs,1
6037,ochry,1
6038,corer,1
6039,betel,1
6040,stude,1
6041,pense,1
6042,undid,1
6043,slype,1
6044,lingy,1
6045,capot,1
6046,leers,1
6047,macon,1
6048,pulao,1
6049,wetly,1
6050,culls,1
6051,gipon,1
6052,gelid,1
6053,abuzz,1
6054,blats,1
6055,pardy,1
6056,lenis,1
6057,torot,1
6058,druxy,1
6059,ronde,1
6060,hains,1
6061,oldly,1
6062,butes,1
6063,serge,1
6064,golpe,1
6065,mayed,1
6066,drubs,1
6067,newel,1
6068,babby,1
6069,osmic,1
6070,tryer,1
6071,neral,1
6072,nuked,1
6073,epees,1
6074,furth,1
6075,potae,1
6076,phyla,1
6077,gelly,1
6078,danks,1
6079,lemma,1
6080,rebid,1
6081,tizzy,1
6082,enzym,1
6083,olein,1
6084,pyrus,1
6085,statu,1
6086,seton,1
6087,feted,1
6088,totem,1
6089,meane,1
6090,ither,1
6091,koine,1
6092,miffy,1
6093,minny,1
6094,repas,1
6095,gosht,1
6096,parmo,1
6097,pilch,1
6098,eking,1
6099,vails,1
6100,steem,1
6101,goier,1
6102,maneh,1
6103,maneb,1
6104,bezel,1
6105,ulnas,1
6106,weepy,1
6107,allan,1
6108,tinks,1
6109,hurds,1
6110,byrls,1
6111,saids,1
6112,wends,1
6113,gaper,1
6114,phang,1
6115,pappy,1
6116,sebum,1
6117,opter,1
6118,scurf,1
6119,sonne,1
6120,yomps,1
6121,yippy,1
6122,kendo,1
6123,abrim,1
6124,etnas,1
6125,rasta,1
6126,slish,1
6127,preon,1
6128,hooks,1
6129,renay,1
6130,cheep,1
6131,rupia,1
6132,murth,1
6133,uplit,1
6134,holts,1
6135,jerry,1
6136,fusts,1
6137,umiak,1
6138,lotes,1
6139,buteo,1
6140,slove,1
6141,quran,1
6142,rifty,1
6143,hayer,1
6144,pappi,1
6145,icily,1
6146,kaies,1
6147,waifs,1
6148,puker,1
6149,quirl,1
6150,styed,1
6151,powns,1
6152,urson,1
6153,moste,1
6154,pagne,1
6155,gnawn,1
6156,sidey,1
6157,tutes,1
6158,umrah,1
6159,memes,1
6160,malas,1
6161,slyer,1
6162,flits,1
6163,beare,1
6164,prodd,1
6165,shays,1
6166,sames,1
6167,befog,1
6168,puffs,1
6169,garum,1
6170,dudes,1
6171,vampy,1
6172,yales,1
6173,duras,1
6174,flisk,1
6175,molys,1
6176,stulm,1
6177,etrog,1
6178,geats,1
6179,niner,1
6180,adder,1
6181,petar,1
6182,thelf,1
6183,outby,1
6184,jakey,1
6185,shtum,1
6186,faxes,1
6187,plews,1
6188,hadji,1
6189,vises,1
6190,edger,1
6191,surat,1
6192,moper,1
6193,teens,1
6194,ephor,1
6195,qophs,1
6196,tunny,1
6197,toddy,1
6198,grees,1
6199,capos,1
6200,stoai,1
6201,gaumy,1
6202,zaxes,1
6203,knaps,1
6204,bilby,1
6205,alala,1
6206,slums,1
6207,sapor,1
6208,moyle,1
6209,ottos,1
6210,rhyne,1
6211,leman,1
6212,quoll,1
6213,pooks,1
6214,eejit,1
6215,herma,1
6216,gangs,1
6217,vibed,1
6218,horah,1
6219,nonet,1
6220,texes,1
6221,guana,1
6222,vints,1
6223,ditsy,1
6224,rouls,1
6225,petit,1
6226,suint,1
6227,seity,1
6228,parka,1
6229,aided,1
6230,volva,1
6231,grebe,1
6232,goeth,1
6233,parti,1
6234,terra,1
6235,horas,1
6236,dwang,1
6237,puler,1
6238,hoses,1
6239,balky,1
6240,botes,1
6241,sulci,1
6242,loast,1
6243,veals,1
6244,soppy,1
6245,dumky,1
6246,knell,1
6247,noris,1
6248,femal,1
6249,gyron,1
6250,refly,1
6251,calyx,1
6252,recks,1
6253,mages,1
6254,satem,1
6255,skews,1
6256,treen,1
6257,fetas,1
6258,riels,1
6259,snuff,1
6260,addio,1
6261,mawky,1
6262,doved,1
6263,rohan,1
6264,lapin,1
6265,jawan,1
6266,avant,1
6267,nanos,1
6268,biddy,1
6269,shaps,1
6270,samen,1
6271,roofy,1
6272,hogan,1
6273,mungi,1
6274,coapt,1
6275,skims,1
6276,pasts,1
6277,mondo,1
6278,posca,1
6279,herse,1
6280,incog,1
6281,balut,1
6282,sinky,1
6283,telly,1
6284,pervs,1
6285,ploot,1
6286,whets,1
6287,scute,1
6288,sarod,1
6289,bombo,1
6290,blype,1
6291,pesch,1
6292,agism,1
6293,gusts,1
6294,korma,1
6295,narky,1
6296,dulls,1
6297,genip,1
6298,dints,1
6299,manul,1
6300,dared,1
6301,kiddo,1
6302,bemas,1
6303,kyles,1
6304,tokay,1
6305,pukey,1
6306,capex,1
6307,lyams,1
6308,summa,1
6309,byres,1
6310,daiko,1
6311,cames,1
6312,socia,1
6313,andro,1
6314,forex,1
6315,recue,1
6316,targe,1
6317,frise,1
6318,penes,1
6319,woads,1
6320,bocce,1
6321,sonde,1
6322,sylva,1
6323,telia,1
6324,balks,1
6325,nards,1
6326,chubs,1
6327,afrit,1
6328,tsars,1
6329,orans,1
6330,riata,1
6331,scend,1
6332,todos,1
6333,holme,1
6334,metel,1
6335,tubby,1
6336,claut,1
6337,venge,1
6338,tolyl,1
6339,rorie,1
6340,percs,1
6341,margs,1
6342,joeys,1
6343,peppy,1
6344,ickle,1
6345,faxed,1
6346,moana,1
6347,hubba,1
6348,viler,1
6349,whigs,1
6350,yadda,1
6351,glias,1
6352,proem,1
6353,cense,1
6354,penne,1
6355,rangs,1
6356,timon,1
6357,fleek,1
6358,styli,1
6359,garbs,1
6360,bdays,1
6361,saddy,1
6362,blini,1
6363,oozed,1
6364,brava,1
6365,jambs,1
6366,tamis,1
6367,thiol,1
6368,unzip,1
6369,pauls,1
6370,butle,1
6371,pacos,1
6372,brosy,1
6373,porgy,1
6374,swabs,1
6375,sloid,1
6376,pilus,1
6377,sagum,1
6378,ebike,1
6379,moais,1
6380,muggy,1
6381,volte,1
6382,corbe,1
6383,motty,1
6384,gurls,1
6385,domal,1
6386,banda,1
6387,smorg,1
6388,sunup,1
6389,deink,1
6390,hoved,1
6391,moups,1
6392,swack,1
6393,norks,1
6394,nairu,1
6395,biggs,1
6396,added,1
6397,faded,1
6398,tippy,1
6399,jawed,1
6400,minim,1
6401,hangi,1
6402,alios,1
6403,teems,1
6404,amins,1
6405,ranes,1
6406,affix,1
6407,aguti,1
6408,motus,1
6409,thill,1
6410,sculp,1
6411,numen,1
6412,purps,1
6413,jilts,1
6414,conte,1
6415,yogic,1
6416,culty,1
6417,comms,1
6418,yarak,1
6419,sicks,1
6420,abeam,1
6421,abash,1
6422,inker,1
6423,middy,1
6424,busky,1
6425,fenny,1
6426,bambi,1
6427,comas,1
6428,grana,1
6429,oracy,1
6430,pated,1
6431,alang,1
6432,bergs,1
6433,ramon,1
6434,recto,1
6435,nerol,1
6436,craic,1
6437,kirks,1
6438,mungy,1
6439,hammy,1
6440,buffo,1
6441,pioye,1
6442,choss,1
6443,snobs,1
6444,ratus,1
6445,nomen,1
6446,sways,1
6447,hobos,1
6448,ginga,1
6449,oxlip,1
6450,zines,1
6451,prows,1
6452,scrog,1
6453,forme,1
6454,liths,1
6455,moars,1
6456,dryly,1
6457,meets,1
6458,coirs,1
6459,reing,1
6460,canst,1
6461,coley,1
6462,mailo,1
6463,tusks,1
6464,planc,1
6465,macks,1
6466,plica,1
6467,jests,1
6468,nibby,1
6469,zowie,1
6470,mamas,1
6471,treif,1
6472,perst,1
6473,knarl,1
6474,certs,1
6475,whizz,1
6476,upbye,1
6477,steez,1
6478,oboes,1
6479,anear,1
6480,chirl,1
6481,pingo,1
6482,vairy,1
6483,oakum,1
6484,fiats,1
6485,nadas,1
6486,lytic,1
6487,mouly,1
6488,chams,1
6489,gybed,1
6490,sixer,1
6491,samel,1
6492,minar,1
6493,demit,1
6494,coved,1
6495,reedy,1
6496,rupee,1
6497,spans,1
6498,auxin,1
6499,fermi,1
6500,papri,1
6501,moria,1
6502,ursid,1
6503,moder,1
6504,thewy,1
6505,ronts,1
6506,himbo,1
6507,pedos,1
6508,edged,1
6509,ayres,1
6510,yogin,1
6511,scand,1
6512,conic,1
6513,cloye,1
6514,teres,1
6515,zhuzh,1
6516,arets,1
6517,faugh,1
6518,bloop,1
6519,touzy,1
6520,ruths,1
6521,stere,1
6522,yager,1
6523,chiao,1
6524,defat,1
6525,proas,1
6526,limas,1
6527,unaus,1
6528,ballo,1
6529,fayer,1
6530,fones,1
6531,tubar,1
6532,quair,1
6533,kytes,1
6534,glebe,1
6535,gucks,1
6536,giron,1
6537,pigmy,1
6538,monic,1
6539,nolls,1
6540,jarps,1
6541,balds,1
6542,dules,1
6543,coyau,1
6544,redox,1
6545,felch,1
6546,ludos,1
6547,duple,1
6548,atomy,1
6549,noggy,1
6550,koori,1
6551,mawed,1
6552,pollo,1
6553,lowne,1
6554,alose,1
6555,meril,1
6556,pinup,1
6557,daman,1
6558,divvy,1
6559,ceaze,1
6560,lunet,1
6561,pavan,1
6562,yores,1
6563,hance,1
6564,tacet,1
6565,lolas,1
6566,powny,1
6567,glops,1
6568,domic,1
6569,safed,1
6570,pinol,1
6571,brome,1
6572,watts,1
6573,meaks,1
6574,unled,1
6575,steek,1
6576,piets,1
6577,hiped,1
6578,wangs,1
6579,proto,1
6580,beget,1
6581,logia,1
6582,eales,1
6583,stook,1
6584,salto,1
6585,pelfs,1
6586,luces,1
6587,calid,1
6588,aggie,1
6589,solus,1
6590,muter,1
6591,putid,1
6592,ladee,1
6593,wefts,1
6594,darls,1
6595,sluit,1
6596,hatty,1
6597,lawer,1
6598,octet,1
6599,acing,1
6600,vends,1
6601,binal,1
6602,grese,1
6603,mongo,1
6604,sweer,1
6605,moory,1
6606,ocker,1
6607,peola,1
6608,plook,1
6609,lotta,1
6610,inwit,1
6611,tints,1
6612,snift,1
6613,gabby,1
6614,afros,1
6615,quorl,1
6616,justs,1
6617,bitey,1
6618,ganch,1
6619,grame,1
6620,pilum,1
6621,edile,1
6622,barby,1
6623,coset,1
6624,hilar,1
6625,tyned,1
6626,iftar,1
6627,peins,1
6628,finny,1
6629,rythe,1
6630,zoeal,1
6631,roved,1
6632,betta,1
6633,pomps,1
6634,unbox,1
6635,galed,1
6636,mavin,1
6637,deeps,1
6638,erbia,1
6639,bonie,1
6640,thigs,1
6641,purdy,1
6642,poupe,1
6643,blook,1
6644,hakim,1
6645,tards,1
6646,cuffs,1
6647,savvy,1
6648,pigly,1
6649,derny,1
6650,geeks,1
6651,saran,1
6652,bulls,1
6653,morae,1
6654,urbex,1
6655,glims,1
6656,skirr,1
6657,uraos,1
6658,aiyee,1
6659,tolls,1
6660,fillo,1
6661,sophs,1
6662,jawns,1
6663,unhip,1
6664,gular,1
6665,glazy,1
6666,louns,1
6667,knowd,1
6668,amids,1
6669,ephah,1
6670,glees,1
6671,draps,1
6672,spoor,1
6673,afoot,1
6674,swerf,1
6675,stubs,1
6676,aping,1
6677,bingy,1
6678,wared,1
6679,xylol,1
6680,manny,1
6681,rayle,1
6682,chocs,1
6683,calla,1
6684,sutor,1
6685,nagor,1
6686,quist,1
6687,jesse,1
6688,donsy,1
6689,lotsa,1
6690,haint,1
6691,penni,1
6692,loids,1
6693,octyl,1
6694,withy,1
6695,dunch,1
6696,eidos,1
6697,shivs,1
6698,sudan,1
6699,pinga,1
6700,zincs,1
6701,rober,1
6702,woofs,1
6703,ruing,1
6704,slorm,1
6705,stilb,1
6706,specs,1
6707,keirs,1
6708,fulls,1
6709,crith,1
6710,racon,1
6711,dribs,1
6712,chola,1
6713,quino,1
6714,ferox,1
6715,refry,1
6716,scail,1
6717,twire,1
6718,conge,1
6719,dicty,1
6720,cando,1
6721,hooey,1
6722,leish,1
6723,acryl,1
6724,ghats,1
6725,pones,1
6726,shyly,1
6727,tabor,1
6728,quods,1
6729,umami,1
6730,podia,1
6731,aidos,1
6732,humas,1
6733,viand,1
6734,jambe,1
6735,tubal,1
6736,eldin,1
6737,opery,1
6738,reata,1
6739,fitly,1
6740,riche,1
6741,pousy,1
6742,snath,1
6743,mathe,1
6744,pluds,1
6745,pinta,1
6746,bitts,1
6747,oilet,1
6748,bitte,1
6749,pruny,1
6750,senvy,1
6751,roper,1
6752,poake,1
6753,mooch,1
6754,diota,1
6755,washi,1
6756,ovolo,1
6757,hooky,1
6758,nummy,1
6759,yowza,1
6760,pinko,1
6761,amrit,1
6762,rubio,1
6763,wingy,1
6764,toing,1
6765,meths,1
6766,fasti,1
6767,nudgy,1
6768,argle,1
6769,bigos,1
6770,fuzed,1
6771,aread,1
6772,nould,1
6773,denay,1
6774,vitas,1
6775,loofs,1
6776,minse,1
6777,cowed,1
6778,magas,1
6779,hushy,1
6780,maaed,1
6781,fella,1
6782,minos,1
6783,comte,1
6784,alamo,1
6785,sippy,1
6786,reput,1
6787,wifty,1
6788,orcin,1
6789,rajas,1
6790,nixed,1
6791,ruddy,1
6792,pekid,1
6793,mudra,1
6794,feens,1
6795,trapo,1
6796,ruder,1
6797,zloty,1
6798,gurus,1
6799,lungi,1
6800,trant,1
6801,laris,1
6802,zamia,1
6803,aguey,1
6804,sneed,1
6805,lochy,1
6806,bawls,1
6807,psoas,1
6808,roins,1
6809,finis,1
6810,potsy,1
6811,dinar,1
6812,dosed,1
6813,hiver,1
6814,unbid,1
6815,stirp,1
6816,snips,1
6817,gussy,1
6818,tatou,1
6819,meson,1
6820,tilts,1
6821,vexil,1
6822,silen,1
6823,jeers,1
6824,mened,1
6825,voxel,1
6826,bulgy,1
6827,stagy,1
6828,daffy,1
6829,rives,1
6830,clons,1
6831,umble,1
6832,horal,1
6833,regia,1
6834,tulpa,1
6835,dined,1
6836,xviii,1
6837,redly,1
6838,deray,1
6839,frati,1
6840,skeet,1
6841,cruft,1
6842,hefts,1
6843,pronk,1
6844,mirky,1
6845,devot,1
6846,kooks,1
6847,doble,1
6848,liber,1
6849,garms,1
6850,glums,1
6851,raggy,1
6852,palls,1
6853,camos,1
6854,bolas,1
6855,bunjy,1
6856,dicts,1
6857,maril,1
6858,klutz,1
6859,popup,1
6860,hawse,1
6861,ameer,1
6862,bonce,1
6863,doona,1
6864,choom,1
6865,plets,1
6866,brond,1
6867,worky,1
6868,usury,1
6869,hocks,1
6870,byded,1
6871,acros,1
6872,nides,1
6873,camis,1
6874,lownd,1
6875,recta,1
6876,gores,1
6877,tweel,1
6878,scuff,1
6879,tronk,1
6880,leirs,1
6881,rugae,1
6882,lased,1
6883,herls,1
6884,meins,1
6885,liras,1
6886,coste,1
6887,ricey,1
6888,scrae,1
6889,sices,1
6890,thraw,1
6891,fritt,1
6892,sexts,1
6893,indie,1
6894,acone,1
6895,evite,1
6896,banty,1
6897,waide,1
6898,patee,1
6899,oupas,1
6900,vants,1
6901,zooty,1
6902,fouth,1
6903,volve,1
6904,phpht,1
6905,raver,1
6906,atrip,1
6907,udons,1
6908,pards,1
6909,spued,1
6910,hazes,1
6911,bolar,1
6912,muley,1
6913,afear,1
6914,evert,1
6915,copha,1
6916,choko,1
6917,beery,1
6918,boyed,1
6919,stims,1
6920,boles,1
6921,yauld,1
6922,mesad,1
6923,nullo,1
6924,packy,1
6925,sibyl,1
6926,garba,1
6927,knish,1
6928,feart,1
6929,hayed,1
6930,uveal,1
6931,gandy,1
6932,mufti,1
6933,acmes,1
6934,kombi,1
6935,jaspe,1
6936,cisco,1
6937,whish,1
6938,blubs,1
6939,canty,1
6940,hotty,1
6941,bayle,1
6942,anomy,1
6943,micks,1
6944,fauld,1
6945,shakt,1
6946,daubs,1
6947,pupal,1
6948,lowan,1
6949,thein,1
6950,loess,1
6951,waxes,1
6952,droke,1
6953,clote,1
6954,pleck,1
6955,swoln,1
6956,karts,1
6957,surfy,1
6958,airth,1
6959,borer,1
6960,abers,1
6961,merle,1
6962,sambo,1
6963,owled,1
6964,maddy,1
6965,eying,1
6966,slurs,1
6967,briss,1
6968,eases,1
6969,fauns,1
6970,puddy,1
6971,seeks,1
6972,purer,1
6973,ceiba,1
6974,allin,1
6975,levin,1
6976,borel,1
6977,jukes,1
6978,lyard,1
6979,smoot,1
6980,parae,1
6981,yocks,1
6982,sants,1
6983,machs,1
6984,pongo,1
6985,gamma,1
6986,suber,1
6987,handi,1
6988,hucks,1
6989,dosai,1
6990,arepa,1
6991,plebe,1
6992,taras,1
6993,fluor,1
6994,impro,1
6995,gyral,1
6996,mooey,1
6997,tronc,1
6998,merde,1
6999,choky,1
7000,pured,1
7001,takin,1
7002,craws,1
7003,adzes,1
7004,pands,1
7005,riffy,1
7006,thrid,1
7007,xysti,1
7008,dores,1
7009,nutso,1
7010,eyers,1
7011,redon,1
7012,backy,1
7013,naily,1
7014,helos,1
7015,syren,1
7016,kelim,1
7017,gaffe,1
7018,trots,1
7019,vexes,1
7020,cozie,1
7021,molie,1
7022,meous,1
7023,allay,1
7024,dully,1
7025,urbia,1
7026,speld,1
7027,waker,1
7028,tante,1
7029,ruote,1
7030,shako,1
7031,grein,1
7032,cotes,1
7033,shoyu,1
7034,quids,1
7035,resod,1
7036,mecha,1
7037,arish,1
7038,jurat,1
7039,tings,1
7040,brize,1
7041,brust,1
7042,noils,1
7043,goodo,1
7044,spina,1
7045,scifi,1
7046,bunds,1
7047,kandy,1
7048,moals,1
7049,swamy,1
7050,yukes,1
7051,nanas,1
7052,natto,1
7053,zoomy,1
7054,slabs,1
7055,prill,1
7056,trews,1
7057,sooky,1
7058,spuer,1
7059,sonce,1
7060,avows,1
7061,fyles,1
7062,spuds,1
7063,nonna,1
7064,whops,1
7065,lento,1
7066,arles,1
7067,artly,1
7068,tarsi,1
7069,noema,1
7070,pooed,1
7071,nabob,1
7072,unlaw,1
7073,ruffs,1
7074,algin,1
7075,dotty,1
7076,belon,1
7077,skiey,1
7078,dowdy,1
7079,lomas,1
7080,rotis,1
7081,gaums,1
7082,chimb,1
7083,laved,1
7084,gripy,1
7085,adobo,1
7086,myall,1
7087,magna,1
7088,steil,1
7089,hejab,1
7090,tanky,1
7091,tryps,1
7092,ville,1
7093,rotan,1
7094,pinna,1
7095,towie,1
7096,claes,1
7097,renos,1
7098,kanga,1
7099,ament,1
7100,isbas,1
7101,coits,1
7102,fugle,1
7103,coded,1
7104,plesh,1
7105,wanna,1
7106,durra,1
7107,tonne,1
7108,yupon,1
7109,weeps,1
7110,faurd,1
7111,mazel,1
7112,kerma,1
7113,rumal,1
7114,abysm,1
7115,retag,1
7116,shoos,1
7117,goers,1
7118,coria,1
7119,carta,1
7120,swits,1
7121,dobra,1
7122,toons,1
7123,trads,1
7124,acron,1
7125,almes,1
7126,fixit,1
7127,duros,1
7128,boofy,1
7129,chogs,1
7130,mooed,1
7131,myopy,1
7132,cymol,1
7133,myoid,1
7134,progs,1
7135,talcs,1
7136,dippy,1
7137,bolet,1
7138,aband,1
7139,kagos,1
7140,chace,1
7141,denis,1
7142,urare,1
7143,roven,1
7144,crits,1
7145,testa,1
7146,kyaks,1
7147,jobes,1
7148,cants,1
7149,musks,1
7150,potch,1
7151,marly,1
7152,waugh,1
7153,typps,1
7154,airer,1
7155,apiol,1
7156,beton,1
7157,mence,1
7158,radge,1
7159,hoven,1
7160,fedex,1
7161,othyl,1
7162,yarks,1
7163,purrs,1
7164,awner,1
7165,mitas,1
7166,tikas,1
7167,urena,1
7168,apace,1
7169,dogey,1
7170,walty,1
7171,waler,1
7172,takis,1
7173,beech,1
7174,setts,1
7175,slugs,1
7176,patte,1
7177,relie,1
7178,hygge,1
7179,brogh,1
7180,tuple,1
7181,reame,1
7182,jedis,1
7183,smize,1
7184,masse,1
7185,naggy,1
7186,hiant,1
7187,mille,1
7188,sahib,1
7189,loipe,1
7190,tains,1
7191,zambo,1
7192,hoyas,1
7193,staps,1
7194,jivey,1
7195,fuffy,1
7196,funks,1
7197,bayts,1
7198,porin,1
7199,byway,1
7200,psyop,1
7201,styes,1
7202,loued,1
7203,romer,1
7204,bouse,1
7205,toity,1
7206,hosey,1
7207,junto,1
7208,yokul,1
7209,momma,1
7210,turfy,1
7211,poted,1
7212,whilk,1
7213,embar,1
7214,nance,1
7215,nicht,1
7216,clomb,1
7217,natch,1
7218,kauri,1
7219,speel,1
7220,onsen,1
7221,visas,1
7222,gulfy,1
7223,lande,1
7224,baken,1
7225,silts,1
7226,delph,1
7227,rubin,1
7228,leare,1
7229,plish,1
7230,ernes,1
7231,fugio,1
7232,arear,1
7233,barfy,1
7234,shily,1
7235,garde,1
7236,ulnar,1
7237,showd,1
7238,ambos,1
7239,abele,1
7240,cocos,1
7241,bohos,1
7242,gawds,1
7243,dopes,1
7244,cesta,1
7245,barca,1
7246,pomme,1
7247,boded,1
7248,proal,1
7249,nouny,1
7250,razer,1
7251,dunny,1
7252,coeds,1
7253,gawky,1
7254,fundy,1
7255,doilt,1
7256,comae,1
7257,nucha,1
7258,shorl,1
7259,henna,1
7260,kurta,1
7261,obits,1
7262,joyed,1
7263,shoon,1
7264,orgue,1
7265,dowle,1
7266,bitty,1
7267,hotch,1
7268,rotch,1
7269,chara,1
7270,koran,1
7271,juste,1
7272,taver,1
7273,luges,1
7274,imped,1
7275,jimmy,1
7276,triol,1
7277,hazed,1
7278,rithe,1
7279,manta,1
7280,elide,1
7281,genio,1
7282,muons,1
7283,spoom,1
7284,dowly,1
7285,tasca,1
7286,oncer,1
7287,retip,1
7288,musit,1
7289,brame,1
7290,dreed,1
7291,pardi,1
7292,sculk,1
7293,crees,1
7294,chaff,1
7295,parma,1
7296,ruche,1
7297,blaer,1
7298,bason,1
7299,paean,1
7300,salop,1
7301,yuzus,1
7302,ponzu,1
7303,manie,1
7304,akela,1
7305,roers,1
7306,uncut,1
7307,doggo,1
7308,redid,1
7309,cowan,1
7310,topee,1
7311,begad,1
7312,pendu,1
7313,ditty,1
7314,volta,1
7315,tofus,1
7316,nappe,1
7317,fists,1
7318,peely,1
7319,kapow,1
7320,imari,1
7321,azyme,1
7322,trigo,1
7323,blabs,1
7324,karns,1
7325,fakie,1
7326,thees,1
7327,dooly,1
7328,apery,1
7329,doums,1
7330,ulnae,1
7331,embow,1
7332,ghaut,1
7333,shama,1
7334,ovoid,1
7335,matin,1
7336,flexi,1
7337,grece,1
7338,nertz,1
7339,axils,1
7340,objet,1
7341,ragee,1
7342,crags,1
7343,ceils,1
7344,bines,1
7345,musts,1
7346,acred,1
7347,tofts,1
7348,womyn,1
7349,jabot,1
7350,moras,1
7351,mache,1
7352,chowk,1
7353,aggro,1
7354,seans,1
7355,calfs,1
7356,stirk,1
7357,wazoo,1
7358,cubby,1
7359,felid,1
7360,scray,1
7361,pareu,1
7362,strig,1
7363,runce,1
7364,roupy,1
